Order_ID,Order_Date,Region,Category,Product_Name,Quantity,Unit_Price,Sales,Profit,Payment_Mode
ORD0001,2023-01-05,East,Clothing,Product_37,5,2355,11775,3599.45,Cash on Delivery
ORD0002,2023-01-02,East,Home & Kitchen,Product_32,5,2209,11045,2751.37,Debit Card
ORD0003,2023-03-21,South,Sports,Product_38,8,4590,36720,8893.5,Credit Card
ORD0004,2023-06-02,North,Electronics,Product_8,10,752,7520,1727.69,Cash on Delivery
ORD0005,2023-10-03,South,Home & Kitchen,Product_20,10,3044,30440,7576.43,Debit Card
ORD0006,2023-12-13,West,Clothing,Product_42,1,1890,1890,214.93,UPI
ORD0007,2023-10-03,West,Sports,Product_13,10,1226,12260,2566.21,Cash on Delivery
ORD0008,2023-01-26,West,Home & Kitchen,Product_31,3,3411,10233,3891.54,Debit Card
ORD0009,2023-08-06,South,Home & Kitchen,Product_16,1,919,919,347.02,Credit Card
ORD0010,2023-01-15,South,Beauty,Product_2,9,1686,15174,4615.16,Credit Card
ORD0011,2023-08-03,East,Home & Kitchen,Product_44,5,3636,18180,6859.63,Credit Card
ORD0012,2023-07-03,West,Electronics,Product_8,3,2014,6042,1042.31,Credit Card
ORD0013,2023-05-11,East,Clothing,Product_39,4,2127,8508,1318.92,Cash on Delivery
ORD0014,2023-05-31,South,Electronics,Product_22,8,2739,21912,3005.19,Credit Card
ORD0015,2023-09-20,East,Sports,Product_38,9,1485,13365,2855.61,UPI
ORD0016,2023-11-03,North,Electronics,Product_30,9,4152,37368,8189.52,Cash on Delivery
ORD0017,2023-01-05,North,Beauty,Product_28,3,4412,13236,4385.86,UPI
ORD0018,2023-01-30,North,Sports,Product_7,8,2715,21720,5359.17,Credit Card
ORD0019,2023-08-08,East,Clothing,Product_44,6,1240,7440,2197.14,Cash on Delivery
ORD0020,2023-01-15,South,Clothing,Product_3,9,641,5769,2231.25,Debit Card
ORD0021,2023-06-15,South,Sports,Product_24,6,706,4236,1287.32,Debit Card
ORD0022,2023-11-30,South,Clothing,Product_14,7,853,5971,1300.27,Credit Card
ORD0023,2023-09-11,South,Electronics,Product_18,6,4092,24552,8398.16,Debit Card
ORD0024,2023-09-22,South,Electronics,Product_30,6,3259,19554,5885.96,Credit Card
ORD0025,2023-09-12,South,Home & Kitchen,Product_30,3,962,2886,390,Debit Card
ORD0026,2023-10-18,North,Home & Kitchen,Product_1,10,2938,29380,3170.92,Cash on Delivery
ORD0027,2023-08-04,North,Electronics,Product_44,6,1132,6792,2490.65,Cash on Delivery
ORD0028,2023-02-20,West,Beauty,Product_49,10,3910,39100,10337.76,Credit Card
ORD0029,2023-02-27,South,Clothing,Product_32,10,2973,29730,11266.12,UPI
ORD0030,2023-10-10,East,Clothing,Product_48,8,2027,16216,2706.65,Debit Card
ORD0031,2023-06-06,North,Electronics,Product_2,5,4462,22310,5200.33,Cash on Delivery
ORD0032,2023-11-23,East,Clothing,Product_14,9,2941,26469,4338.8,UPI
ORD0033,2023-09-17,West,Home & Kitchen,Product_36,4,2706,10824,2665.81,UPI
ORD0034,2023-05-07,West,Clothing,Product_27,10,3565,35650,4446.51,UPI
ORD0035,2023-12-28,South,Clothing,Product_37,9,2551,22959,6965.73,Cash on Delivery
ORD0036,2023-08-21,South,Beauty,Product_28,9,690,6210,851.51,Debit Card
ORD0037,2023-10-03,West,Electronics,Product_7,4,4013,16052,3614.76,Cash on Delivery
ORD0038,2023-05-13,North,Electronics,Product_8,1,2359,2359,398.16,Debit Card
ORD0039,2023-11-13,East,Beauty,Product_39,10,3552,35520,13429.44,UPI
ORD0040,2023-07-25,North,Beauty,Product_50,8,4013,32104,6462.92,Credit Card
ORD0041,2023-10-23,South,Electronics,Product_4,6,3337,20022,7923.81,UPI
ORD0042,2023-02-20,North,Sports,Product_44,3,658,1974,684.53,UPI
ORD0043,2023-05-08,East,Electronics,Product_29,1,2945,2945,545.88,UPI
ORD0044,2023-09-04,West,Electronics,Product_14,3,1686,5058,1448.04,Cash on Delivery
ORD0045,2023-10-17,South,Clothing,Product_13,2,621,1242,312.06,Cash on Delivery
ORD0046,2023-07-01,East,Sports,Product_48,10,2464,24640,5269.15,UPI
ORD0047,2023-11-25,West,Clothing,Product_16,4,1420,5680,1451.18,Credit Card
ORD0048,2023-12-22,South,Sports,Product_36,4,3003,12012,1940.72,UPI
ORD0049,2023-06-30,South,Electronics,Product_22,7,4549,31843,6448.12,Debit Card
ORD0050,2023-11-18,East,Sports,Product_5,7,1632,11424,3337.39,Credit Card
ORD0051,2023-08-31,East,Home & Kitchen,Product_47,2,3663,7326,1589.82,UPI
ORD0052,2023-04-18,North,Beauty,Product_32,8,4957,39656,7578.98,Debit Card
ORD0053,2023-08-10,South,Clothing,Product_22,4,2782,11128,3037.28,Cash on Delivery
ORD0054,2023-11-15,East,Beauty,Product_27,7,3470,24290,4414.89,UPI
ORD0055,2023-06-15,East,Home & Kitchen,Product_3,3,1327,3981,661.98,Credit Card
ORD0056,2023-09-02,East,Beauty,Product_18,4,883,3532,1144.88,Debit Card
ORD0057,2023-10-17,North,Sports,Product_48,6,2797,16782,3623.73,Debit Card
ORD0058,2023-01-20,East,Sports,Product_7,7,4301,30107,6290.74,Debit Card
ORD0059,2023-05-18,West,Sports,Product_26,2,1240,2480,777.65,Debit Card
ORD0060,2023-03-30,West,Electronics,Product_6,8,3846,30768,8855.15,UPI
ORD0061,2023-09-09,South,Home & Kitchen,Product_44,1,2768,2768,875.26,UPI
ORD0062,2023-11-13,North,Sports,Product_32,4,1803,7212,1143.14,UPI
ORD0063,2023-11-26,North,Clothing,Product_47,4,3026,12104,2901.07,UPI
ORD0064,2023-11-11,West,Beauty,Product_45,2,2965,5930,1399.21,Debit Card
ORD0065,2023-09-18,West,Clothing,Product_8,5,2709,13545,3959.91,Credit Card
ORD0066,2023-07-16,West,Clothing,Product_27,3,4492,13476,4425.03,Cash on Delivery
ORD0067,2023-10-15,East,Beauty,Product_36,9,1585,14265,3129.03,Credit Card
ORD0068,2023-04-03,South,Beauty,Product_23,2,738,1476,299.66,Debit Card
ORD0069,2023-07-13,North,Sports,Product_13,5,2094,10470,3088.92,Cash on Delivery
ORD0070,2023-10-03,East,Clothing,Product_9,3,4326,12978,1840,Credit Card
ORD0071,2023-03-12,East,Sports,Product_12,5,1390,6950,2117.49,Cash on Delivery
ORD0072,2023-02-08,West,Home & Kitchen,Product_25,4,553,2212,625.86,UPI
ORD0073,2023-02-21,South,Clothing,Product_50,4,3333,13332,3118.71,Cash on Delivery
ORD0074,2023-12-14,North,Home & Kitchen,Product_22,8,2000,16000,6257.44,Cash on Delivery
ORD0075,2023-07-31,East,Clothing,Product_18,2,1835,3670,933.4,Credit Card
ORD0076,2023-11-01,West,Beauty,Product_47,10,2715,27150,7365.63,Debit Card
ORD0077,2023-06-01,North,Beauty,Product_18,9,4948,44532,10786.21,Debit Card
ORD0078,2023-05-21,West,Home & Kitchen,Product_17,10,3938,39380,9439.74,UPI
ORD0079,2023-05-25,North,Clothing,Product_45,4,4838,19352,3888.48,Debit Card
ORD0080,2023-03-08,North,Home & Kitchen,Product_30,4,3970,15880,5607.27,Debit Card
ORD0081,2023-08-02,North,Clothing,Product_24,2,720,1440,395.48,Cash on Delivery
ORD0082,2023-06-21,North,Home & Kitchen,Product_24,4,1913,7652,2671.5,Cash on Delivery
ORD0083,2023-01-10,East,Sports,Product_32,9,3032,27288,7614.46,UPI
ORD0084,2023-06-06,South,Beauty,Product_25,4,3790,15160,5651.53,UPI
ORD0085,2023-10-07,North,Clothing,Product_13,10,4080,40800,15120.96,UPI
ORD0086,2023-01-03,North,Beauty,Product_3,7,3536,24752,6929.62,Credit Card
ORD0087,2023-06-09,South,Electronics,Product_6,1,1034,1034,212.83,Cash on Delivery
ORD0088,2023-05-20,South,Beauty,Product_29,6,2204,13224,2472.8,Debit Card
ORD0089,2023-09-07,North,Electronics,Product_11,7,2332,16324,3409.37,UPI
ORD0090,2023-06-05,North,Sports,Product_41,8,3520,28160,7673.61,Debit Card
ORD0091,2023-08-27,North,Electronics,Product_21,1,2082,2082,755.07,Debit Card
ORD0092,2023-03-25,North,Electronics,Product_6,5,1243,6215,1759.46,Cash on Delivery
ORD0093,2023-11-09,South,Beauty,Product_16,8,4478,35824,6125.72,Credit Card
ORD0094,2023-12-07,East,Home & Kitchen,Product_3,9,1485,13365,5000.42,Debit Card
ORD0095,2023-01-14,North,Clothing,Product_27,7,4455,31185,6184.04,UPI
ORD0096,2023-05-01,East,Beauty,Product_21,4,1844,7376,1421.71,UPI
ORD0097,2023-08-27,East,Electronics,Product_21,4,3891,15564,5643.7,Credit Card
ORD0098,2023-10-15,North,Beauty,Product_4,7,840,5880,1463.37,Credit Card
ORD0099,2023-08-22,South,Electronics,Product_28,9,3656,32904,8810.98,Cash on Delivery
ORD0100,2023-09-08,South,Sports,Product_28,8,4807,38456,9198.97,Credit Card
ORD0101,2023-12-16,South,Sports,Product_20,2,3300,6600,727.44,Cash on Delivery
ORD0102,2023-11-05,South,Electronics,Product_7,6,2721,16326,4766.16,UPI
ORD0103,2023-02-25,West,Clothing,Product_48,4,3193,12772,1973.91,Debit Card
ORD0104,2023-02-21,West,Electronics,Product_29,3,4281,12843,4017.02,Cash on Delivery
ORD0105,2023-08-25,West,Clothing,Product_33,2,1281,2562,983.45,Cash on Delivery
ORD0106,2023-07-13,North,Sports,Product_6,4,4015,16060,3033.89,Credit Card
ORD0107,2023-08-22,North,Beauty,Product_5,5,1013,5065,704.6,Cash on Delivery
ORD0108,2023-06-02,South,Home & Kitchen,Product_21,7,3925,27475,3471.46,Cash on Delivery
ORD0109,2023-07-10,East,Clothing,Product_35,4,763,3052,666.05,Cash on Delivery
ORD0110,2023-05-24,West,Beauty,Product_6,6,2124,12744,3477.54,UPI
ORD0111,2023-03-03,North,Clothing,Product_35,4,4387,17548,6611.02,Credit Card
ORD0112,2023-02-19,North,Home & Kitchen,Product_7,1,585,585,136.67,Debit Card
ORD0113,2023-12-04,South,Home & Kitchen,Product_1,9,4985,44865,8203.13,Credit Card
ORD0114,2023-04-18,North,Home & Kitchen,Product_46,8,1768,14144,2848.06,Cash on Delivery
ORD0115,2023-08-24,North,Sports,Product_44,10,3091,30910,6610.53,UPI
ORD0116,2023-10-02,West,Clothing,Product_38,7,1324,9268,2045.48,Credit Card
ORD0117,2023-11-05,East,Clothing,Product_44,4,2185,8740,2017.87,Cash on Delivery
ORD0118,2023-05-12,West,Home & Kitchen,Product_7,2,4049,8098,2412.47,Cash on Delivery
ORD0119,2023-05-03,West,Sports,Product_22,7,3091,21637,2411.7,UPI
ORD0120,2023-11-20,North,Beauty,Product_5,4,4194,16776,3789.3,Cash on Delivery
ORD0121,2023-05-13,North,Electronics,Product_11,5,1405,7025,1221.16,Credit Card
ORD0122,2023-01-31,South,Home & Kitchen,Product_14,2,3282,6564,819.61,Debit Card
ORD0123,2023-10-27,West,Home & Kitchen,Product_13,5,3311,16555,5519.13,Credit Card
ORD0124,2023-12-11,North,Clothing,Product_3,9,2014,18126,6327.13,Credit Card
ORD0125,2023-05-17,East,Beauty,Product_24,1,1817,1817,430.44,Credit Card
ORD0126,2023-07-21,West,Clothing,Product_49,5,4480,22400,7795.28,Cash on Delivery
ORD0127,2023-01-22,East,Electronics,Product_33,7,892,6244,1248.05,Credit Card
ORD0128,2023-09-13,North,Sports,Product_20,3,2860,8580,1807.65,UPI
ORD0129,2023-02-06,South,Beauty,Product_47,6,4232,25392,5520,Credit Card
ORD0130,2023-02-03,East,Electronics,Product_33,6,3064,18384,2705.53,UPI
ORD0131,2023-12-07,North,Home & Kitchen,Product_49,3,738,2214,572.52,Debit Card
ORD0132,2023-01-11,West,Electronics,Product_18,8,2558,20464,3584.4,UPI
ORD0133,2023-08-04,South,Sports,Product_41,4,1757,7028,2520.72,UPI
ORD0134,2023-08-24,North,Beauty,Product_11,8,790,6320,1615.83,Debit Card
ORD0135,2023-07-11,East,Electronics,Product_42,2,1733,3466,1054.88,UPI
ORD0136,2023-01-24,South,Home & Kitchen,Product_11,7,656,4592,1828.55,UPI
ORD0137,2023-12-21,West,Sports,Product_50,8,2845,22760,3189.92,Cash on Delivery
ORD0138,2023-03-23,South,Beauty,Product_11,6,4491,26946,9119.7,UPI
ORD0139,2023-11-24,West,Sports,Product_20,2,1337,2674,609.55,Debit Card
ORD0140,2023-09-10,West,Clothing,Product_23,9,1901,17109,3009.58,Cash on Delivery
ORD0141,2023-10-31,West,Beauty,Product_17,7,4559,31913,8729.21,Cash on Delivery
ORD0142,2023-09-07,South,Home & Kitchen,Product_34,1,4845,4845,763.12,Debit Card
ORD0143,2023-10-13,North,Electronics,Product_12,2,561,1122,114.82,Credit Card
ORD0144,2023-01-18,East,Electronics,Product_19,4,2946,11784,4556.4,Debit Card
ORD0145,2023-07-02,South,Home & Kitchen,Product_27,3,1968,5904,1259.64,Debit Card
ORD0146,2023-07-08,East,Home & Kitchen,Product_36,5,3107,15535,4094.26,Cash on Delivery
ORD0147,2023-09-05,East,Beauty,Product_6,10,2276,22760,2826.38,UPI
ORD0148,2023-11-17,North,Beauty,Product_15,10,2001,20010,2307.54,UPI
ORD0149,2023-01-11,North,Sports,Product_43,4,4379,17516,3971.13,Debit Card
ORD0150,2023-04-07,South,Clothing,Product_34,4,3921,15684,2426.14,Debit Card
ORD0151,2023-08-08,South,Clothing,Product_45,3,4004,12012,4263.2,Credit Card
ORD0152,2023-02-01,North,Electronics,Product_45,2,2661,5322,1574.31,Cash on Delivery
ORD0153,2023-04-06,South,Electronics,Product_9,2,1274,2548,429.77,Debit Card
ORD0154,2023-07-07,West,Beauty,Product_33,9,4530,40770,14906.22,Debit Card
ORD0155,2023-06-27,East,Sports,Product_21,5,2274,11370,2984.51,Cash on Delivery
ORD0156,2023-11-02,North,Clothing,Product_34,2,1928,3856,387.44,Credit Card
ORD0157,2023-07-11,East,Sports,Product_33,6,1940,11640,1559.98,UPI
ORD0158,2023-09-30,West,Home & Kitchen,Product_6,4,3508,14032,2234.8,Debit Card
ORD0159,2023-11-10,North,Electronics,Product_25,1,2660,2660,543.15,Debit Card
ORD0160,2023-04-06,North,Home & Kitchen,Product_20,3,2200,6600,1242.32,Cash on Delivery
ORD0161,2023-07-31,West,Electronics,Product_45,9,1144,10296,1391.49,Cash on Delivery
ORD0162,2023-04-27,East,Clothing,Product_25,10,3017,30170,6473.52,Debit Card
ORD0163,2023-09-12,West,Home & Kitchen,Product_15,4,531,2124,544.53,Credit Card
ORD0164,2023-07-12,South,Electronics,Product_45,4,2369,9476,3712.39,UPI
ORD0165,2023-06-13,North,Beauty,Product_8,4,1183,4732,1165.89,UPI
ORD0166,2023-11-09,East,Sports,Product_7,9,2948,26532,7754.12,Cash on Delivery
ORD0167,2023-10-16,East,Clothing,Product_18,8,1268,10144,3896.54,UPI
ORD0168,2023-02-08,South,Clothing,Product_14,4,1996,7984,2696.79,UPI
ORD0169,2023-08-28,East,Home & Kitchen,Product_45,8,566,4528,1312.14,UPI
ORD0170,2023-03-24,North,Home & Kitchen,Product_8,8,1386,11088,3519.86,Credit Card
ORD0171,2023-11-10,East,Electronics,Product_48,4,1616,6464,2073.51,Credit Card
ORD0172,2023-09-18,East,Home & Kitchen,Product_6,2,2137,4274,649.17,Debit Card
ORD0173,2023-06-28,North,Clothing,Product_7,2,2532,5064,1887.74,Credit Card
ORD0174,2023-02-13,West,Beauty,Product_35,6,2856,17136,5655.58,Debit Card
ORD0175,2023-12-12,West,Sports,Product_37,3,1590,4770,1141.08,Debit Card
ORD0176,2023-01-27,North,Clothing,Product_4,6,720,4320,746.35,Cash on Delivery
ORD0177,2023-11-06,South,Sports,Product_42,4,4089,16356,6140.06,Debit Card
ORD0178,2023-07-20,North,Home & Kitchen,Product_29,1,2840,2840,613.44,UPI
ORD0179,2023-02-15,West,Beauty,Product_24,3,4045,12135,2219.04,Cash on Delivery
ORD0180,2023-06-30,South,Home & Kitchen,Product_2,9,2443,21987,8501.26,Credit Card
ORD0181,2023-02-26,West,Sports,Product_47,7,901,6307,2454.92,Credit Card
ORD0182,2023-01-18,North,Sports,Product_22,10,2981,29810,9795.84,UPI
ORD0183,2023-11-14,West,Sports,Product_14,4,3782,15128,4694.98,Debit Card
ORD0184,2023-01-03,East,Clothing,Product_24,6,3512,21072,4488.23,Debit Card
ORD0185,2023-04-29,West,Electronics,Product_28,10,585,5850,2206.01,Cash on Delivery
ORD0186,2023-08-13,South,Beauty,Product_1,2,875,1750,570.57,Credit Card
ORD0187,2023-02-15,South,Beauty,Product_44,3,4782,14346,5023.95,Debit Card
ORD0188,2023-06-12,South,Electronics,Product_39,4,3113,12452,3350.38,UPI
ORD0189,2024-01-01,West,Electronics,Product_46,7,2524,17668,4639.73,Debit Card
ORD0190,2023-03-25,East,Home & Kitchen,Product_46,1,3701,3701,1105.62,UPI
ORD0191,2023-10-16,South,Beauty,Product_24,3,4286,12858,3172.09,UPI
ORD0192,2023-08-05,West,Clothing,Product_36,8,1503,12024,2766.41,UPI
ORD0193,2023-02-25,East,Electronics,Product_35,10,2438,24380,7397.98,Debit Card
ORD0194,2023-05-27,South,Clothing,Product_41,6,1046,6276,984.58,Debit Card
ORD0195,2023-12-16,North,Beauty,Product_14,7,2177,15239,5651.48,Credit Card
ORD0196,2023-09-16,North,Electronics,Product_2,4,1680,6720,1448.15,Credit Card
ORD0197,2023-01-22,South,Clothing,Product_20,1,702,702,170.37,Credit Card
ORD0198,2023-06-25,South,Sports,Product_14,2,2828,5656,1674.77,Cash on Delivery
ORD0199,2023-11-05,East,Clothing,Product_14,9,2464,22176,3309.99,Credit Card
ORD0200,2023-11-23,West,Beauty,Product_48,2,4555,9110,2378.87,Debit Card
ORD0201,2023-12-04,North,Electronics,Product_50,1,2432,2432,281.04,Credit Card
ORD0202,2023-06-07,West,Sports,Product_22,5,3032,15160,4750.31,UPI
ORD0203,2023-03-06,West,Sports,Product_48,6,2281,13686,1382.16,Debit Card
ORD0204,2023-04-30,North,Electronics,Product_8,2,3016,6032,2222.14,Cash on Delivery
ORD0205,2023-10-19,East,Sports,Product_50,9,3835,34515,5478.3,Debit Card
ORD0206,2023-09-29,South,Home & Kitchen,Product_23,9,2340,21060,3507.24,Cash on Delivery
ORD0207,2023-04-20,South,Clothing,Product_30,7,2991,20937,7506.55,Cash on Delivery
ORD0208,2023-12-06,South,Electronics,Product_19,8,1777,14216,3587.49,Cash on Delivery
ORD0209,2023-01-19,North,Sports,Product_50,3,3021,9063,2799.67,Debit Card
ORD0210,2023-10-19,North,Clothing,Product_17,4,3389,13556,1454.93,UPI
ORD0211,2023-04-12,South,Home & Kitchen,Product_2,8,2554,20432,7107.01,Cash on Delivery
ORD0212,2023-05-01,South,Clothing,Product_36,9,3635,32715,12364.75,UPI
ORD0213,2023-12-20,East,Sports,Product_8,6,1620,9720,3697.17,Credit Card
ORD0214,2023-10-07,East,Beauty,Product_5,9,3488,31392,8850.2,UPI
ORD0215,2023-11-13,West,Home & Kitchen,Product_26,2,754,1508,183.15,Cash on Delivery
ORD0216,2023-12-24,South,Electronics,Product_8,8,549,4392,574.07,Credit Card
ORD0217,2023-10-21,East,Home & Kitchen,Product_3,7,3284,22988,6780.89,Credit Card
ORD0218,2023-07-24,East,Electronics,Product_48,6,3274,19644,3437.99,UPI
ORD0219,2023-12-15,North,Home & Kitchen,Product_39,4,3769,15076,5821.87,Debit Card
ORD0220,2023-11-14,East,Home & Kitchen,Product_32,1,1578,1578,603,Cash on Delivery
ORD0221,2023-10-10,West,Home & Kitchen,Product_49,7,2652,18564,6825.95,Cash on Delivery
ORD0222,2023-10-28,West,Beauty,Product_22,2,2533,5066,1702.88,UPI
ORD0223,2023-07-19,East,Clothing,Product_11,2,4942,9884,1515.12,Cash on Delivery
ORD0224,2023-11-01,North,Electronics,Product_19,8,1627,13016,4127.87,UPI
ORD0225,2023-12-03,North,Sports,Product_17,5,2535,12675,1703.6,Credit Card
ORD0226,2023-09-24,West,Sports,Product_47,2,1917,3834,787.47,Debit Card
ORD0227,2023-05-18,South,Sports,Product_18,8,731,5848,1629.93,Cash on Delivery
ORD0228,2023-12-29,East,Clothing,Product_19,8,2122,16976,6655.92,Credit Card
ORD0229,2023-07-11,East,Clothing,Product_6,5,2272,11360,1788.87,UPI
ORD0230,2023-08-20,West,Electronics,Product_42,4,746,2984,1083.78,Debit Card
ORD0231,2023-07-26,South,Home & Kitchen,Product_13,10,3327,33270,11861.82,Credit Card
ORD0232,2023-06-05,West,Sports,Product_40,5,1507,7535,1015.17,Cash on Delivery
ORD0233,2023-07-28,South,Electronics,Product_13,1,2492,2492,514.64,Credit Card
ORD0234,2023-11-29,West,Home & Kitchen,Product_37,1,3039,3039,1023.17,Cash on Delivery
ORD0235,2023-07-13,East,Clothing,Product_48,2,3066,6132,1287.74,Debit Card
ORD0236,2023-10-22,North,Clothing,Product_23,4,616,2464,490.05,Credit Card
ORD0237,2023-11-16,East,Home & Kitchen,Product_26,3,559,1677,497.22,UPI
ORD0238,2023-12-16,West,Beauty,Product_13,2,963,1926,300.87,Cash on Delivery
ORD0239,2023-04-27,East,Beauty,Product_25,9,3583,32247,9352.24,Cash on Delivery
ORD0240,2023-04-26,South,Sports,Product_35,6,3623,21738,8240.14,Cash on Delivery
ORD0241,2023-02-03,South,Beauty,Product_19,9,1334,12006,3458.29,Cash on Delivery
ORD0242,2023-12-17,East,Electronics,Product_44,4,3268,13072,4885.11,UPI
ORD0243,2023-03-08,East,Clothing,Product_3,1,1230,1230,289.67,UPI
ORD0244,2023-01-09,West,Clothing,Product_18,9,4784,43056,4938.01,Cash on Delivery
ORD0245,2023-09-04,West,Sports,Product_13,6,1109,6654,2558.03,UPI
ORD0246,2023-04-28,North,Beauty,Product_43,4,3495,13980,4289.98,Debit Card
ORD0247,2023-04-11,North,Home & Kitchen,Product_2,5,1766,8830,1038.73,Credit Card
ORD0248,2023-09-23,East,Electronics,Product_6,5,1042,5210,1125.7,Credit Card
ORD0249,2023-01-25,West,Clothing,Product_47,9,2684,24156,9541.8,UPI
ORD0250,2023-10-26,South,Sports,Product_17,10,4609,46090,17956.74,UPI
ORD0251,2023-04-01,North,Clothing,Product_2,2,2260,4520,805.21,UPI
ORD0252,2023-11-23,West,Home & Kitchen,Product_12,10,2710,27100,4680.27,Credit Card
ORD0253,2023-12-29,West,Beauty,Product_17,6,4107,24642,3296.72,UPI
ORD0254,2023-02-09,West,Clothing,Product_47,10,1400,14000,3407,Cash on Delivery
ORD0255,2023-08-24,East,Home & Kitchen,Product_36,6,4193,25158,4529.82,Credit Card
ORD0256,2023-09-15,East,Beauty,Product_49,4,4342,17368,3667.93,Debit Card
ORD0257,2023-03-17,South,Sports,Product_38,9,2941,26469,6552.09,Cash on Delivery
ORD0258,2023-01-29,South,Home & Kitchen,Product_8,2,2766,5532,2081.91,Debit Card
ORD0259,2023-05-03,North,Sports,Product_29,7,4805,33635,6034.84,UPI
ORD0260,2023-05-15,South,Clothing,Product_41,1,2465,2465,847.47,Debit Card
ORD0261,2023-12-17,North,Home & Kitchen,Product_2,6,3823,22938,2568.53,Cash on Delivery
ORD0262,2023-10-06,North,Electronics,Product_19,3,849,2547,621.91,Credit Card
ORD0263,2023-04-27,West,Sports,Product_49,4,3590,14360,4470.44,Cash on Delivery
ORD0264,2023-11-12,West,Home & Kitchen,Product_15,2,4884,9768,2059.74,Debit Card
ORD0265,2023-12-25,West,Sports,Product_45,1,1617,1617,357.29,Credit Card
ORD0266,2023-12-02,North,Home & Kitchen,Product_22,9,2176,19584,6104.66,Debit Card
ORD0267,2023-05-06,East,Clothing,Product_15,2,643,1286,510.4,Cash on Delivery
ORD0268,2023-03-31,East,Sports,Product_11,8,4146,33168,4462.81,Debit Card
ORD0269,2023-02-02,North,Clothing,Product_17,6,4799,28794,11433.4,Cash on Delivery
ORD0270,2023-12-19,South,Sports,Product_48,1,671,671,265.19,UPI
ORD0271,2023-09-20,North,Electronics,Product_43,8,4447,35576,6503.39,UPI
ORD0272,2023-07-03,East,Clothing,Product_50,10,2302,23020,5143.1,UPI
ORD0273,2023-06-30,West,Clothing,Product_11,9,1722,15498,1964.31,Debit Card
ORD0274,2023-11-03,South,Beauty,Product_43,5,4060,20300,5082.4,Credit Card
ORD0275,2023-05-14,North,Clothing,Product_17,5,4527,22635,8667.17,Cash on Delivery
ORD0276,2023-09-14,South,Clothing,Product_5,2,3216,6432,960.67,Debit Card
ORD0277,2023-12-07,South,Clothing,Product_6,8,2074,16592,4922.88,Debit Card
ORD0278,2023-10-22,East,Electronics,Product_6,3,2051,6153,2241.21,Credit Card
ORD0279,2023-07-12,South,Beauty,Product_1,2,1693,3386,1209.11,Debit Card
ORD0280,2023-01-15,North,Sports,Product_46,5,4867,24335,8031.45,Debit Card
ORD0281,2023-08-22,North,Sports,Product_4,6,4794,28764,5841.73,Credit Card
ORD0282,2023-01-28,East,Home & Kitchen,Product_13,2,4898,9796,2999.21,UPI
ORD0283,2023-01-24,West,Home & Kitchen,Product_19,9,4011,36099,4548.73,Credit Card
ORD0284,2023-01-19,South,Electronics,Product_46,7,3773,26411,4522.14,Cash on Delivery
ORD0285,2023-05-14,East,Electronics,Product_40,1,2662,2662,330.69,Cash on Delivery
ORD0286,2023-02-13,East,Sports,Product_29,4,3441,13764,4560.36,Cash on Delivery
ORD0287,2023-06-04,South,Beauty,Product_26,9,2817,25353,4599.09,Credit Card
ORD0288,2023-07-08,North,Home & Kitchen,Product_34,3,4648,13944,1628.9,Cash on Delivery
ORD0289,2023-09-20,East,Beauty,Product_42,3,2662,7986,907.47,Credit Card
ORD0290,2023-09-01,North,Beauty,Product_36,8,3459,27672,6216.62,UPI
ORD0291,2023-07-25,South,Home & Kitchen,Product_39,5,2817,14085,1904.91,UPI
ORD0292,2023-05-26,East,Electronics,Product_14,5,3581,17905,6761.7,UPI
ORD0293,2023-06-13,West,Home & Kitchen,Product_46,5,2713,13565,4568.22,Cash on Delivery
ORD0294,2023-07-09,North,Beauty,Product_10,5,2198,10990,3487.03,Credit Card
ORD0295,2023-11-08,East,Beauty,Product_15,8,960,7680,1790.31,Debit Card
ORD0296,2023-02-10,South,Home & Kitchen,Product_9,4,2672,10688,2520.19,Debit Card
ORD0297,2023-08-31,East,Sports,Product_18,5,3115,15575,6001.25,Debit Card
ORD0298,2023-01-20,North,Home & Kitchen,Product_8,6,1747,10482,2865.92,UPI
ORD0299,2023-07-26,South,Clothing,Product_18,4,3729,14916,1835.02,Debit Card
ORD0300,2023-07-26,West,Electronics,Product_50,5,4243,21215,7033.42,Debit Card
ORD0301,2023-03-19,East,Sports,Product_35,2,3028,6056,1686.89,Cash on Delivery
ORD0302,2023-02-06,South,Beauty,Product_8,5,4515,22575,4230.43,Cash on Delivery
ORD0303,2023-08-31,West,Beauty,Product_41,8,1896,15168,6029.04,Debit Card
ORD0304,2023-01-30,South,Beauty,Product_13,9,1318,11862,3932.13,Debit Card
ORD0305,2023-09-28,South,Electronics,Product_41,5,2309,11545,1780.16,Credit Card
ORD0306,2023-02-07,South,Electronics,Product_15,3,4311,12933,1724.98,UPI
ORD0307,2023-04-30,North,Electronics,Product_41,3,4711,14133,5006.85,Credit Card
ORD0308,2023-07-27,East,Electronics,Product_34,10,680,6800,2237.84,Cash on Delivery
ORD0309,2023-11-11,West,Beauty,Product_49,8,530,4240,1439.72,UPI
ORD0310,2023-11-20,West,Clothing,Product_7,10,2179,21790,2243.63,UPI
ORD0311,2023-12-12,North,Sports,Product_13,8,1110,8880,1057.24,Credit Card
ORD0312,2023-12-27,West,Clothing,Product_45,8,3277,26216,2659.09,Credit Card
ORD0313,2023-05-05,West,Sports,Product_35,9,4336,39024,12371.9,Credit Card
ORD0314,2023-02-15,North,Clothing,Product_9,7,3612,25284,2672.13,Debit Card
ORD0315,2023-04-12,East,Sports,Product_36,3,2868,8604,3007.2,Credit Card
ORD0316,2023-04-06,West,Sports,Product_47,4,4222,16888,2211.79,Credit Card
ORD0317,2023-07-10,West,Electronics,Product_26,1,4675,4675,664.18,Cash on Delivery
ORD0318,2023-09-03,North,Clothing,Product_10,9,2713,24417,5536.89,Credit Card
ORD0319,2023-09-15,East,Beauty,Product_9,9,1200,10800,1712.3,Debit Card
ORD0320,2023-11-19,West,Electronics,Product_31,3,2295,6885,1150.92,Debit Card
ORD0321,2023-12-08,South,Home & Kitchen,Product_30,6,1917,11502,3769.63,Debit Card
ORD0322,2023-02-08,South,Beauty,Product_33,7,2898,20286,6985.96,Credit Card
ORD0323,2023-10-13,North,Sports,Product_21,9,4530,40770,15766.08,Debit Card
ORD0324,2023-02-02,East,Clothing,Product_33,3,3564,10692,2147.25,Cash on Delivery
ORD0325,2023-05-06,West,Home & Kitchen,Product_36,4,3858,15432,2816.25,Credit Card
ORD0326,2023-06-12,North,Beauty,Product_37,5,2691,13455,4274.2,Credit Card
ORD0327,2023-05-25,East,Clothing,Product_7,10,2643,26430,6378,UPI
ORD0328,2023-10-22,West,Home & Kitchen,Product_4,9,3977,35793,6244.94,Debit Card
ORD0329,2023-06-10,East,Home & Kitchen,Product_9,2,2139,4278,1630.9,Credit Card
ORD0330,2023-11-19,East,Sports,Product_17,9,4543,40887,9153.56,Debit Card
ORD0331,2023-07-23,East,Beauty,Product_42,7,1225,8575,3033.34,Cash on Delivery
ORD0332,2023-01-01,West,Sports,Product_13,6,4447,26682,2909.98,Debit Card
ORD0333,2023-12-07,North,Home & Kitchen,Product_41,7,3254,22778,2283.53,Credit Card
ORD0334,2023-07-19,West,Clothing,Product_17,3,2298,6894,1045.43,Cash on Delivery
ORD0335,2023-01-09,East,Sports,Product_36,8,4079,32632,11410.77,Credit Card
ORD0336,2023-06-19,East,Electronics,Product_32,6,3924,23544,4101.91,UPI
ORD0337,2023-02-26,North,Home & Kitchen,Product_48,3,3759,11277,3605.37,Cash on Delivery
ORD0338,2023-06-05,West,Sports,Product_23,2,3897,7794,2689.91,UPI
ORD0339,2023-04-28,North,Clothing,Product_47,8,1706,13648,2136.38,Debit Card
ORD0340,2023-06-10,West,Clothing,Product_18,1,777,777,289.51,Credit Card
ORD0341,2023-06-13,South,Beauty,Product_16,3,1346,4038,612.31,UPI
ORD0342,2023-02-02,West,Clothing,Product_4,7,2869,20083,7810.21,Credit Card
ORD0343,2023-10-06,West,Electronics,Product_1,4,3765,15060,2594.55,Cash on Delivery
ORD0344,2023-04-04,North,Beauty,Product_49,9,521,4689,1768.12,Cash on Delivery
ORD0345,2023-08-23,North,Electronics,Product_3,6,3202,19212,3919.06,Cash on Delivery
ORD0346,2023-03-31,South,Sports,Product_36,1,3192,3192,1026.19,UPI
ORD0347,2023-10-25,South,Sports,Product_10,5,4899,24495,5897.56,UPI
ORD0348,2023-07-22,North,Beauty,Product_36,9,1871,16839,3812.84,Cash on Delivery
ORD0349,2023-06-06,East,Beauty,Product_41,7,683,4781,1021.28,UPI
ORD0350,2023-01-02,West,Electronics,Product_21,4,4374,17496,5948.85,Cash on Delivery
ORD0351,2023-09-25,South,Sports,Product_49,3,2968,8904,1260.54,Cash on Delivery
ORD0352,2023-01-13,South,Home & Kitchen,Product_29,9,3162,28458,6649.6,Cash on Delivery
ORD0353,2023-05-23,West,Clothing,Product_6,1,3424,3424,342.76,Credit Card
ORD0354,2023-08-11,West,Clothing,Product_38,9,3415,30735,11969.5,Credit Card
ORD0355,2023-05-13,East,Sports,Product_10,9,3975,35775,9085.84,UPI
ORD0356,2023-05-23,East,Electronics,Product_8,1,3435,3435,750.85,Credit Card
ORD0357,2023-06-30,North,Sports,Product_13,10,1805,18050,2869.1,Credit Card
ORD0358,2023-06-06,West,Beauty,Product_36,8,2009,16072,2670.91,UPI
ORD0359,2023-02-10,West,Clothing,Product_8,2,4671,9342,2015.58,Debit Card
ORD0360,2023-04-25,North,Clothing,Product_22,6,558,3348,455.99,UPI
ORD0361,2023-09-25,East,Electronics,Product_25,6,2072,12432,2785.71,Credit Card
ORD0362,2023-03-01,South,Beauty,Product_49,9,3916,35244,11775.14,UPI
ORD0363,2023-07-28,North,Sports,Product_43,9,1347,12123,2244.71,UPI
ORD0364,2023-12-22,West,Home & Kitchen,Product_34,5,4376,21880,5147.82,Credit Card
ORD0365,2023-06-05,North,Home & Kitchen,Product_49,8,4334,34672,10257.69,Cash on Delivery
ORD0366,2023-12-18,South,Home & Kitchen,Product_39,10,1844,18440,6764.77,Debit Card
ORD0367,2023-08-02,South,Electronics,Product_9,5,3748,18740,3436.39,Cash on Delivery
ORD0368,2023-11-24,North,Electronics,Product_34,4,4118,16472,2440,Cash on Delivery
ORD0369,2023-09-17,South,Electronics,Product_40,2,1187,2374,352.4,Credit Card
ORD0370,2023-10-02,South,Sports,Product_11,3,2240,6720,2126.04,Credit Card
ORD0371,2023-04-15,East,Electronics,Product_42,9,1185,10665,3405.94,Cash on Delivery
ORD0372,2023-03-30,West,Sports,Product_40,2,3806,7612,958.61,Debit Card
ORD0373,2023-08-30,West,Beauty,Product_46,1,4916,4916,1541.32,Debit Card
ORD0374,2023-12-13,West,Sports,Product_44,9,2955,26595,5076.72,Debit Card
ORD0375,2023-07-28,South,Electronics,Product_28,2,1451,2902,462.91,Credit Card
ORD0376,2023-09-21,South,Clothing,Product_23,10,4091,40910,14410.36,UPI
ORD0377,2023-05-30,North,Beauty,Product_29,5,1176,5880,1767.91,Debit Card
ORD0378,2023-09-02,South,Electronics,Product_12,2,4872,9744,1409.13,Cash on Delivery
ORD0379,2024-01-01,North,Beauty,Product_16,3,3243,9729,2774.28,Credit Card
ORD0380,2023-06-03,South,Home & Kitchen,Product_33,7,3682,25774,3031.28,Credit Card
ORD0381,2023-09-08,West,Home & Kitchen,Product_22,6,1114,6684,1700.51,Cash on Delivery
ORD0382,2023-12-05,South,Electronics,Product_37,10,2090,20900,2146.22,Credit Card
ORD0383,2023-12-21,North,Sports,Product_49,1,2609,2609,645.64,Cash on Delivery
ORD0384,2023-08-05,South,Sports,Product_45,4,3767,15068,5459.1,Cash on Delivery
ORD0385,2023-10-24,East,Beauty,Product_46,4,1186,4744,1070.64,Credit Card
ORD0386,2023-08-22,South,Home & Kitchen,Product_48,9,3354,30186,5006.17,Cash on Delivery
ORD0387,2023-11-11,North,Home & Kitchen,Product_38,8,2562,20496,2746.78,Cash on Delivery
ORD0388,2023-12-08,East,Electronics,Product_22,10,1455,14550,2094.22,Debit Card
ORD0389,2023-11-26,West,Beauty,Product_39,3,1526,4578,1374.12,Credit Card
ORD0390,2023-03-20,West,Sports,Product_7,7,3645,25515,8420.23,UPI
ORD0391,2023-12-23,South,Electronics,Product_21,3,4612,13836,3812.77,Credit Card
ORD0392,2023-06-05,South,Sports,Product_46,8,3106,24848,4869.51,UPI
ORD0393,2023-05-27,East,Clothing,Product_49,10,3460,34600,3873.09,UPI
ORD0394,2023-11-28,West,Home & Kitchen,Product_41,3,3433,10299,1839.94,Debit Card
ORD0395,2023-06-06,East,Home & Kitchen,Product_2,4,1253,5012,707.36,Debit Card
ORD0396,2023-11-06,West,Home & Kitchen,Product_46,7,854,5978,2260.65,Debit Card
ORD0397,2023-08-07,South,Sports,Product_50,4,2788,11152,3810.3,UPI
ORD0398,2023-10-16,West,Beauty,Product_11,2,4429,8858,1654.84,UPI
ORD0399,2023-12-02,South,Beauty,Product_14,7,1479,10353,3995.4,Credit Card
ORD0400,2023-04-08,West,Beauty,Product_29,10,1126,11260,4347.59,Credit Card
ORD0401,2023-11-27,South,Beauty,Product_9,8,790,6320,1770.87,Credit Card
ORD0402,2023-10-28,West,Beauty,Product_6,7,3595,25165,5432.09,Cash on Delivery
ORD0403,2023-08-27,South,Clothing,Product_49,1,3456,3456,877.19,Debit Card
ORD0404,2023-04-14,East,Electronics,Product_31,9,4368,39312,8202.96,Credit Card
ORD0405,2023-02-09,West,Electronics,Product_2,2,2999,5998,1570.75,Debit Card
ORD0406,2023-07-04,West,Electronics,Product_35,3,2687,8061,1055.76,Cash on Delivery
ORD0407,2023-07-16,West,Clothing,Product_16,6,2157,12942,1609.4,Debit Card
ORD0408,2023-04-30,West,Electronics,Product_14,3,2519,7557,1629.74,Cash on Delivery
ORD0409,2023-01-01,South,Home & Kitchen,Product_39,9,2423,21807,2867.61,UPI
ORD0410,2023-03-05,West,Clothing,Product_45,3,3578,10734,1794.98,UPI
ORD0411,2023-04-21,West,Clothing,Product_13,1,1104,1104,160.8,UPI
ORD0412,2023-11-25,East,Sports,Product_3,4,4269,17076,6045.82,UPI
ORD0413,2023-06-10,West,Sports,Product_50,8,1649,13192,4257.47,UPI
ORD0414,2023-05-22,East,Beauty,Product_45,5,1830,9150,3362.63,Debit Card
ORD0415,2023-12-27,South,Sports,Product_29,7,3741,26187,6066.84,UPI
ORD0416,2023-03-11,South,Beauty,Product_5,5,1547,7735,1815.46,UPI
ORD0417,2023-11-17,West,Home & Kitchen,Product_23,6,2146,12876,4816.73,Credit Card
ORD0418,2023-06-06,South,Beauty,Product_6,1,4997,4997,1124.62,UPI
ORD0419,2023-12-21,North,Sports,Product_19,7,2363,16541,3231.27,UPI
ORD0420,2023-01-11,North,Beauty,Product_18,6,4948,29688,10088,Debit Card
ORD0421,2023-07-09,West,Sports,Product_23,2,4627,9254,1254.6,Debit Card
ORD0422,2023-03-22,South,Beauty,Product_41,3,1037,3111,648.92,Cash on Delivery
ORD0423,2023-08-14,West,Clothing,Product_46,4,4637,18548,4569.07,UPI
ORD0424,2023-04-05,South,Electronics,Product_49,3,2177,6531,1774.03,Credit Card
ORD0425,2023-08-04,South,Electronics,Product_1,6,4134,24804,8949.83,Cash on Delivery
ORD0426,2023-05-25,North,Sports,Product_42,6,766,4596,650.17,Debit Card
ORD0427,2023-02-19,South,Home & Kitchen,Product_47,3,2777,8331,1809.32,Credit Card
ORD0428,2023-03-25,East,Home & Kitchen,Product_12,4,2042,8168,1313.88,UPI
ORD0429,2023-12-31,West,Beauty,Product_4,4,4195,16780,1921.93,UPI
ORD0430,2023-04-17,South,Clothing,Product_29,2,3327,6654,668.44,Cash on Delivery
ORD0431,2023-03-15,North,Home & Kitchen,Product_41,3,1624,4872,1355.7,Cash on Delivery
ORD0432,2023-08-19,West,Electronics,Product_10,7,4992,34944,12584.58,UPI
ORD0433,2023-02-25,South,Beauty,Product_12,3,3561,10683,2912.72,UPI
ORD0434,2023-11-26,North,Electronics,Product_18,4,1697,6788,862.5,Credit Card
ORD0435,2023-12-06,East,Sports,Product_1,9,691,6219,2287.88,Debit Card
ORD0436,2023-06-29,North,Electronics,Product_13,9,633,5697,1592.94,UPI
ORD0437,2023-12-23,West,Beauty,Product_42,6,1109,6654,1496.48,Debit Card
ORD0438,2023-04-14,North,Sports,Product_46,2,1847,3694,468.64,Cash on Delivery
ORD0439,2023-08-06,South,Beauty,Product_14,1,2198,2198,786.53,Debit Card
ORD0440,2023-03-02,West,Clothing,Product_38,10,1538,15380,3942.96,Credit Card
ORD0441,2023-09-17,South,Beauty,Product_3,10,3137,31370,12350.68,UPI
ORD0442,2023-11-28,South,Home & Kitchen,Product_1,5,1922,9610,1926.51,Debit Card
ORD0443,2023-11-10,North,Clothing,Product_37,5,1854,9270,1348.85,Cash on Delivery
ORD0444,2023-09-04,South,Electronics,Product_32,6,3598,21588,5858.88,UPI
ORD0445,2023-06-01,North,Clothing,Product_31,3,4760,14280,5174.43,Debit Card
ORD0446,2023-11-04,East,Electronics,Product_31,7,847,5929,1140.99,Debit Card
ORD0447,2023-12-09,West,Home & Kitchen,Product_42,3,4156,12468,4420.72,Credit Card
ORD0448,2023-08-20,North,Beauty,Product_20,2,1493,2986,719.54,Credit Card
ORD0449,2023-10-21,North,Home & Kitchen,Product_29,1,1113,1113,191.38,Debit Card
ORD0450,2023-05-28,West,Home & Kitchen,Product_10,5,2617,13085,4499.2,Debit Card
ORD0451,2023-06-26,East,Electronics,Product_47,7,1805,12635,3158.6,Debit Card
ORD0452,2023-08-30,North,Beauty,Product_30,7,3762,26334,5034.57,Credit Card
ORD0453,2023-04-14,West,Home & Kitchen,Product_29,5,3929,19645,2901.72,Cash on Delivery
ORD0454,2023-09-10,West,Electronics,Product_37,9,2591,23319,3752.73,UPI
ORD0455,2023-07-27,East,Electronics,Product_28,7,2390,16730,4801.41,Credit Card
ORD0456,2023-03-01,West,Electronics,Product_39,7,1487,10409,3751.01,Cash on Delivery
ORD0457,2023-09-29,East,Clothing,Product_16,2,504,1008,137.65,Cash on Delivery
ORD0458,2023-02-14,East,Sports,Product_47,3,2160,6480,1965.25,Credit Card
ORD0459,2023-11-26,West,Clothing,Product_30,3,3841,11523,2263.99,Credit Card
ORD0460,2023-01-02,North,Clothing,Product_25,2,3478,6956,1871.62,Credit Card
ORD0461,2023-06-10,West,Home & Kitchen,Product_47,3,1611,4833,712.61,Cash on Delivery
ORD0462,2023-08-03,West,Home & Kitchen,Product_25,1,1196,1196,312.97,Debit Card
ORD0463,2023-01-11,West,Sports,Product_50,10,2095,20950,4408.42,Cash on Delivery
ORD0464,2023-04-02,North,Electronics,Product_22,9,2795,25155,7618.35,Cash on Delivery
ORD0465,2023-01-27,North,Sports,Product_27,2,1293,2586,590.68,Cash on Delivery
ORD0466,2023-03-10,West,Electronics,Product_15,2,3293,6586,2615.11,Debit Card
ORD0467,2023-05-30,North,Beauty,Product_9,10,3615,36150,14130.76,UPI
ORD0468,2023-06-02,West,Sports,Product_45,6,736,4416,540.32,Cash on Delivery
ORD0469,2023-03-23,North,Electronics,Product_36,10,650,6500,1732.54,Cash on Delivery
ORD0470,2023-11-22,West,Beauty,Product_43,6,3837,23022,2712.57,Debit Card
ORD0471,2023-04-20,West,Home & Kitchen,Product_39,5,3701,18505,5437.74,Credit Card
ORD0472,2023-12-03,East,Sports,Product_15,8,4530,36240,10316.63,Cash on Delivery
ORD0473,2023-01-29,East,Clothing,Product_45,1,2584,2584,868.35,Debit Card
ORD0474,2023-09-06,North,Electronics,Product_49,1,2310,2310,855.13,UPI
ORD0475,2023-07-11,South,Electronics,Product_18,10,503,5030,552.63,Credit Card
ORD0476,2023-09-24,East,Sports,Product_8,7,4754,33278,7160.92,Debit Card
ORD0477,2023-01-28,South,Electronics,Product_33,5,4754,23770,3937.87,Debit Card
ORD0478,2023-12-01,East,Electronics,Product_26,3,4329,12987,3241.52,UPI
ORD0479,2023-12-01,South,Home & Kitchen,Product_38,7,4343,30401,7254.69,Credit Card
ORD0480,2023-11-10,West,Beauty,Product_11,8,3392,27136,10808.32,Cash on Delivery
ORD0481,2023-11-23,South,Electronics,Product_21,1,1154,1154,326.72,Credit Card
ORD0482,2023-05-25,North,Clothing,Product_33,4,1040,4160,1068.29,Debit Card
ORD0483,2023-10-14,East,Sports,Product_23,6,942,5652,973.18,Credit Card
ORD0484,2023-02-26,North,Electronics,Product_18,2,2970,5940,1329.53,Cash on Delivery
ORD0485,2023-07-07,West,Home & Kitchen,Product_13,6,3173,19038,7332.47,Cash on Delivery
ORD0486,2023-02-04,East,Beauty,Product_26,10,3853,38530,5504.76,Cash on Delivery
ORD0487,2023-01-28,North,Sports,Product_5,7,4718,33026,8583.17,Cash on Delivery
ORD0488,2023-05-17,South,Beauty,Product_47,8,501,4008,772.67,Debit Card
ORD0489,2023-11-01,North,Sports,Product_34,10,2629,26290,8069.07,Cash on Delivery
ORD0490,2023-05-14,East,Clothing,Product_37,10,4075,40750,6045.96,Cash on Delivery
ORD0491,2023-03-30,East,Home & Kitchen,Product_6,1,1613,1613,600.66,Cash on Delivery
ORD0492,2023-07-28,North,Beauty,Product_3,2,2652,5304,1726.31,UPI
ORD0493,2023-05-31,East,Beauty,Product_16,10,4097,40970,8434.52,Debit Card
ORD0494,2023-03-19,South,Electronics,Product_10,10,2400,24000,8474.01,Cash on Delivery
ORD0495,2023-07-21,West,Beauty,Product_15,4,2620,10480,4173.81,Credit Card
ORD0496,2023-10-10,West,Home & Kitchen,Product_7,3,3545,10635,1713.94,Credit Card
ORD0497,2023-02-12,North,Clothing,Product_4,1,1166,1166,432.77,Credit Card
ORD0498,2023-03-08,North,Home & Kitchen,Product_13,6,4321,25926,9031.82,UPI
ORD0499,2023-05-10,East,Electronics,Product_1,5,2579,12895,3121.11,UPI
ORD0500,2023-01-16,West,Beauty,Product_3,4,3429,13716,3221.93,Debit Card
ORD0501,2023-05-12,West,Home & Kitchen,Product_18,8,2116,16928,2268.46,UPI
ORD0502,2023-05-02,North,Sports,Product_50,8,532,4256,1698.61,Credit Card
ORD0503,2023-12-09,South,Beauty,Product_30,1,3765,3765,805.07,Debit Card
ORD0504,2023-08-02,North,Sports,Product_2,3,4890,14670,4084.08,UPI
ORD0505,2023-11-16,East,Beauty,Product_45,1,4201,4201,1521.99,Credit Card
ORD0506,2023-01-16,West,Home & Kitchen,Product_23,1,3969,3969,431.41,Debit Card
ORD0507,2023-08-18,East,Beauty,Product_43,10,3275,32750,3301.35,Cash on Delivery
ORD0508,2023-08-14,West,Sports,Product_29,3,569,1707,595.38,Cash on Delivery
ORD0509,2023-04-13,West,Sports,Product_13,1,2418,2418,846.52,UPI
ORD0510,2023-09-05,West,Clothing,Product_12,3,3080,9240,2607.53,UPI
ORD0511,2024-01-01,West,Clothing,Product_17,8,4143,33144,11258.02,Credit Card
ORD0512,2023-07-03,South,Electronics,Product_3,5,2588,12940,4404.88,UPI
ORD0513,2023-05-23,West,Home & Kitchen,Product_27,2,2753,5506,926.44,Credit Card
ORD0514,2023-06-23,West,Home & Kitchen,Product_49,2,2760,5520,1409.18,Credit Card
ORD0515,2023-07-09,North,Sports,Product_33,7,2618,18326,4627.75,Credit Card
ORD0516,2023-03-30,South,Clothing,Product_19,10,3507,35070,13343.86,UPI
ORD0517,2023-10-02,West,Home & Kitchen,Product_19,10,3023,30230,11377.23,Debit Card
ORD0518,2023-06-30,South,Electronics,Product_10,2,2280,4560,715.53,UPI
ORD0519,2023-12-18,North,Clothing,Product_4,6,4048,24288,3196.87,UPI
ORD0520,2023-02-13,East,Beauty,Product_5,7,1166,8162,2991.17,Credit Card
ORD0521,2023-05-19,West,Home & Kitchen,Product_43,2,2152,4304,1627.31,Cash on Delivery
ORD0522,2023-02-14,East,Electronics,Product_26,8,4085,32680,12032.86,Cash on Delivery
ORD0523,2023-10-24,North,Beauty,Product_50,7,4201,29407,4705.65,Cash on Delivery
ORD0524,2023-07-10,South,Beauty,Product_40,9,4149,37341,12011.24,Credit Card
ORD0525,2023-01-10,West,Beauty,Product_6,2,1091,2182,772.26,Debit Card
ORD0526,2023-12-14,East,Sports,Product_37,7,3790,26530,3232.12,Cash on Delivery
ORD0527,2023-10-09,South,Beauty,Product_35,2,1043,2086,781.57,Debit Card
ORD0528,2023-08-16,West,Home & Kitchen,Product_37,9,1965,17685,4288.52,Cash on Delivery
ORD0529,2023-03-06,North,Beauty,Product_1,9,3916,35244,12069.28,Debit Card
ORD0530,2023-03-20,South,Beauty,Product_19,3,1131,3393,1099.57,Cash on Delivery
ORD0531,2023-04-07,South,Home & Kitchen,Product_27,6,2787,16722,2227.32,Debit Card
ORD0532,2023-09-25,South,Sports,Product_1,2,4951,9902,3494.56,Debit Card
ORD0533,2023-04-26,South,Sports,Product_35,7,3951,27657,10895.97,Debit Card
ORD0534,2023-12-24,East,Clothing,Product_20,3,4883,14649,4577.86,Debit Card
ORD0535,2023-11-14,South,Beauty,Product_46,10,2528,25280,9482.87,UPI
ORD0536,2023-11-24,East,Electronics,Product_32,1,1692,1692,247.09,Cash on Delivery
ORD0537,2023-10-19,West,Electronics,Product_21,7,1884,13188,3992.12,Cash on Delivery
ORD0538,2023-03-01,East,Clothing,Product_6,5,1947,9735,1476.03,UPI
ORD0539,2023-07-01,West,Sports,Product_29,1,4845,4845,1024.22,Credit Card
ORD0540,2023-09-19,North,Home & Kitchen,Product_7,10,4225,42250,9167.77,Debit Card
ORD0541,2023-02-06,North,Electronics,Product_10,10,2891,28910,6083.81,UPI
ORD0542,2023-01-05,West,Electronics,Product_35,5,568,2840,514.55,Credit Card
ORD0543,2023-07-07,North,Clothing,Product_25,8,2879,23032,5289.64,Cash on Delivery
ORD0544,2023-01-29,South,Sports,Product_37,6,1981,11886,1746.04,UPI
ORD0545,2023-09-13,North,Beauty,Product_2,7,4582,32074,9468.91,Debit Card
ORD0546,2023-06-22,South,Beauty,Product_13,6,2829,16974,3896.44,UPI
ORD0547,2023-12-29,North,Home & Kitchen,Product_47,5,1941,9705,2539.88,Debit Card
ORD0548,2023-11-29,North,Clothing,Product_10,8,3498,27984,10379.33,UPI
ORD0549,2023-12-02,West,Sports,Product_14,3,1277,3831,533.23,UPI
ORD0550,2023-06-30,East,Electronics,Product_15,6,3629,21774,8448.43,Credit Card
ORD0551,2023-02-11,East,Home & Kitchen,Product_1,5,1788,8940,1978.93,Debit Card
ORD0552,2023-11-19,West,Electronics,Product_40,3,4387,13161,3315.1,Credit Card
ORD0553,2023-06-18,West,Home & Kitchen,Product_13,6,2751,16506,5338.95,Credit Card
ORD0554,2023-02-17,West,Home & Kitchen,Product_21,7,4039,28273,4074.25,Cash on Delivery
ORD0555,2023-05-22,East,Home & Kitchen,Product_43,2,2412,4824,719.45,Credit Card
ORD0556,2023-11-15,East,Home & Kitchen,Product_25,8,4246,33968,7556.71,UPI
ORD0557,2023-07-02,West,Home & Kitchen,Product_28,10,2947,29470,8915.95,Credit Card
ORD0558,2023-07-22,South,Electronics,Product_21,7,4203,29421,6742.2,Debit Card
ORD0559,2023-12-16,West,Clothing,Product_43,5,1274,6370,948.38,Cash on Delivery
ORD0560,2023-02-10,South,Electronics,Product_23,4,1120,4480,961.99,Debit Card
ORD0561,2023-05-12,East,Beauty,Product_21,6,4614,27684,6596.85,Credit Card
ORD0562,2023-01-22,North,Beauty,Product_47,9,3883,34947,5654.04,Debit Card
ORD0563,2023-06-25,West,Sports,Product_4,6,1099,6594,1486.73,UPI
ORD0564,2023-10-29,West,Beauty,Product_28,3,4246,12738,4718.05,Cash on Delivery
ORD0565,2023-11-28,West,Clothing,Product_20,4,4391,17564,4957.44,Credit Card
ORD0566,2023-09-20,North,Clothing,Product_6,6,2489,14934,1574.9,Debit Card
ORD0567,2023-06-05,East,Electronics,Product_30,10,1006,10060,2060.22,Cash on Delivery
ORD0568,2023-07-29,North,Clothing,Product_37,3,664,1992,768.28,Credit Card
ORD0569,2023-03-24,South,Beauty,Product_16,7,3223,22561,6020.25,Debit Card
ORD0570,2023-03-13,East,Beauty,Product_29,1,2792,2792,308.22,Cash on Delivery
ORD0571,2023-06-17,East,Electronics,Product_10,2,4198,8396,2420.43,UPI
ORD0572,2023-02-12,North,Sports,Product_12,1,1611,1611,297.41,Credit Card
ORD0573,2023-04-21,South,Clothing,Product_5,10,4370,43700,15802.39,Credit Card
ORD0574,2023-03-14,South,Home & Kitchen,Product_31,10,4989,49890,5850.82,Credit Card
ORD0575,2023-09-29,West,Clothing,Product_18,8,4985,39880,10339.19,Credit Card
ORD0576,2023-09-03,West,Beauty,Product_12,1,2598,2598,731.05,Cash on Delivery
ORD0577,2023-02-21,North,Electronics,Product_23,10,4657,46570,6023.84,Cash on Delivery
ORD0578,2023-01-27,West,Sports,Product_50,9,2599,23391,6026.68,UPI
ORD0579,2023-04-24,North,Beauty,Product_27,2,1311,2622,594.75,Cash on Delivery
ORD0580,2023-12-16,South,Sports,Product_13,6,4999,29994,8045.61,Credit Card
ORD0581,2023-08-14,North,Sports,Product_9,2,4671,9342,946.34,Credit Card
ORD0582,2023-04-19,East,Home & Kitchen,Product_47,8,4644,37152,14298.7,Cash on Delivery
ORD0583,2023-11-17,South,Electronics,Product_13,5,1431,7155,1151.62,Credit Card
ORD0584,2023-06-10,North,Beauty,Product_27,1,4506,4506,728.52,Credit Card
ORD0585,2023-10-30,South,Clothing,Product_12,5,4409,22045,6562.58,Debit Card
ORD0586,2023-10-15,West,Sports,Product_17,2,996,1992,679.63,Credit Card
ORD0587,2023-02-01,North,Home & Kitchen,Product_13,9,677,6093,1472.08,UPI
ORD0588,2023-04-18,North,Sports,Product_31,6,2972,17832,2700.95,Debit Card
ORD0589,2023-03-09,South,Home & Kitchen,Product_19,6,4785,28710,3041.12,Cash on Delivery
ORD0590,2023-08-16,North,Clothing,Product_29,3,4934,14802,5421.19,Credit Card
ORD0591,2023-10-14,South,Beauty,Product_45,10,3789,37890,10519.52,Debit Card
ORD0592,2023-10-15,North,Clothing,Product_38,9,734,6606,1558.23,Credit Card
ORD0593,2023-06-04,South,Clothing,Product_3,9,1448,13032,1791.61,UPI
ORD0594,2023-08-07,South,Electronics,Product_25,10,4850,48500,8763.37,Cash on Delivery
ORD0595,2023-09-19,East,Beauty,Product_35,5,1791,8955,1785.94,UPI
ORD0596,2023-04-25,South,Beauty,Product_30,6,3898,23388,6819.22,Debit Card
ORD0597,2023-01-18,South,Sports,Product_8,1,4950,4950,1499.5,Cash on Delivery
ORD0598,2023-06-13,South,Electronics,Product_38,1,787,787,167.82,UPI
ORD0599,2023-07-08,North,Sports,Product_8,8,4093,32744,3399.07,Debit Card
ORD0600,2023-05-06,North,Home & Kitchen,Product_30,2,633,1266,424.88,Debit Card
ORD0601,2023-11-06,South,Home & Kitchen,Product_34,9,1917,17253,4043.06,Cash on Delivery
ORD0602,2023-04-12,South,Home & Kitchen,Product_31,3,3862,11586,1762.14,Credit Card
ORD0603,2023-12-20,South,Electronics,Product_1,7,2051,14357,4861.79,Credit Card
ORD0604,2023-02-12,South,Clothing,Product_5,8,3471,27768,2793.07,Credit Card
ORD0605,2023-02-19,North,Electronics,Product_17,2,941,1882,469.28,UPI
ORD0606,2023-02-08,South,Clothing,Product_36,6,3790,22740,6653.18,UPI
ORD0607,2023-09-21,East,Home & Kitchen,Product_2,3,3541,10623,3945.52,UPI
ORD0608,2023-02-28,South,Sports,Product_11,2,2402,4804,1483.95,UPI
ORD0609,2023-09-16,South,Clothing,Product_33,9,3875,34875,9831.6,Credit Card
ORD0610,2023-06-06,East,Home & Kitchen,Product_39,6,1951,11706,3958.81,UPI
ORD0611,2023-11-14,North,Sports,Product_34,3,2570,7710,834.13,Debit Card
ORD0612,2023-01-21,North,Sports,Product_36,9,1728,15552,5794.39,Credit Card
ORD0613,2023-04-29,North,Sports,Product_3,3,1445,4335,1506.57,UPI
ORD0614,2023-03-16,East,Clothing,Product_34,10,2202,22020,6633.33,Cash on Delivery
ORD0615,2023-10-10,South,Beauty,Product_46,3,1716,5148,1470.09,Debit Card
ORD0616,2023-11-16,West,Home & Kitchen,Product_23,5,2654,13270,4268.42,Cash on Delivery
ORD0617,2023-09-06,South,Beauty,Product_37,2,1911,3822,1430.75,Credit Card
ORD0618,2023-12-02,North,Home & Kitchen,Product_43,5,1921,9605,2688.75,Cash on Delivery
ORD0619,2023-12-25,West,Home & Kitchen,Product_28,6,1618,9708,3020.6,UPI
ORD0620,2023-02-12,South,Beauty,Product_12,7,3562,24934,9084.44,Cash on Delivery
ORD0621,2023-02-10,East,Beauty,Product_15,5,816,4080,1458.39,UPI
ORD0622,2023-12-17,East,Electronics,Product_27,2,3954,7908,2336.78,Debit Card
ORD0623,2023-06-13,West,Home & Kitchen,Product_29,7,2306,16142,3974.01,Cash on Delivery
ORD0624,2023-08-05,South,Home & Kitchen,Product_42,2,4923,9846,3005.54,Debit Card
ORD0625,2023-09-30,South,Home & Kitchen,Product_12,1,1552,1552,396.58,UPI
ORD0626,2023-04-05,West,Electronics,Product_9,8,4403,35224,9349.25,UPI
ORD0627,2023-08-23,South,Clothing,Product_29,4,3432,13728,2173.12,Credit Card
ORD0628,2023-07-23,East,Electronics,Product_25,3,4353,13059,4522.61,UPI
ORD0629,2023-01-06,East,Sports,Product_30,5,1884,9420,2679.42,Debit Card
ORD0630,2023-06-10,East,Sports,Product_38,3,1090,3270,1202.48,Cash on Delivery
ORD0631,2023-09-10,North,Clothing,Product_25,10,1144,11440,4070.12,Credit Card
ORD0632,2023-01-10,North,Beauty,Product_42,3,1834,5502,1462.8,Cash on Delivery
ORD0633,2023-01-09,South,Beauty,Product_19,6,4403,26418,6018.2,Debit Card
ORD0634,2023-05-30,South,Electronics,Product_26,10,4527,45270,7401.88,UPI
ORD0635,2023-01-09,South,Beauty,Product_35,7,3582,25074,2772.81,UPI
ORD0636,2023-07-01,West,Beauty,Product_34,4,551,2204,298.08,Debit Card
ORD0637,2023-06-16,South,Sports,Product_14,8,1729,13832,2274.01,Credit Card
ORD0638,2023-01-19,West,Beauty,Product_25,4,1317,5268,593.69,Debit Card
ORD0639,2023-12-21,East,Beauty,Product_36,5,2653,13265,4905.62,Debit Card
ORD0640,2023-02-22,East,Clothing,Product_26,3,3270,9810,1202.76,Credit Card
ORD0641,2023-10-23,West,Home & Kitchen,Product_19,3,4750,14250,1726.31,Credit Card
ORD0642,2023-05-03,South,Beauty,Product_16,4,4616,18464,7056.42,Debit Card
ORD0643,2023-04-29,East,Home & Kitchen,Product_10,8,714,5712,1520.52,Debit Card
ORD0644,2023-10-20,East,Home & Kitchen,Product_46,4,1094,4376,1327.8,UPI
ORD0645,2023-09-25,East,Home & Kitchen,Product_10,7,1632,11424,1913.55,Cash on Delivery
ORD0646,2023-11-23,South,Home & Kitchen,Product_29,10,1421,14210,2874.09,UPI
ORD0647,2023-08-16,South,Beauty,Product_26,9,2025,18225,4305.55,Debit Card
ORD0648,2023-01-14,West,Electronics,Product_23,2,2304,4608,973.66,Cash on Delivery
ORD0649,2023-11-05,North,Clothing,Product_47,9,3590,32310,5039.96,Debit Card
ORD0650,2023-08-04,South,Sports,Product_37,4,2807,11228,3344.63,Debit Card
ORD0651,2023-01-09,North,Home & Kitchen,Product_21,1,1784,1784,652.26,Credit Card
ORD0652,2023-06-29,South,Sports,Product_40,3,2630,7890,1970.89,Credit Card
ORD0653,2023-06-09,North,Home & Kitchen,Product_12,2,864,1728,479.65,UPI
ORD0654,2023-01-05,South,Beauty,Product_17,8,3382,27056,7919.92,Debit Card
ORD0655,2023-12-21,North,Clothing,Product_22,10,4996,49960,18373.09,Cash on Delivery
ORD0656,2023-04-11,North,Clothing,Product_29,4,4753,19012,6696.66,Credit Card
ORD0657,2023-07-10,East,Beauty,Product_35,4,1293,5172,1736.64,UPI
ORD0658,2023-08-23,South,Beauty,Product_36,1,4509,4509,1236.89,Debit Card
ORD0659,2023-05-22,West,Electronics,Product_11,9,1991,17919,5092.08,Cash on Delivery
ORD0660,2023-02-20,West,Clothing,Product_38,7,2230,15610,2959.81,Cash on Delivery
ORD0661,2023-08-27,South,Clothing,Product_35,1,930,930,202.47,UPI
ORD0662,2023-04-15,East,Beauty,Product_34,8,2271,18168,3993.32,Debit Card
ORD0663,2023-01-18,South,Home & Kitchen,Product_3,7,4585,32095,10414.43,Cash on Delivery
ORD0664,2023-02-27,North,Beauty,Product_1,7,3832,26824,5274.88,Cash on Delivery
ORD0665,2023-08-24,West,Clothing,Product_9,4,4466,17864,5111.37,Cash on Delivery
ORD0666,2023-01-07,South,Electronics,Product_32,5,771,3855,1144.68,Debit Card
ORD0667,2023-07-03,East,Beauty,Product_2,8,1449,11592,1967.94,Debit Card
ORD0668,2023-09-03,East,Clothing,Product_28,10,4611,46110,14069.7,Debit Card
ORD0669,2023-07-08,East,Clothing,Product_29,6,2611,15666,2423.1,Debit Card
ORD0670,2023-03-14,West,Beauty,Product_46,5,649,3245,1076.71,UPI
ORD0671,2023-03-20,East,Sports,Product_31,6,2019,12114,4659.76,UPI
ORD0672,2023-12-19,East,Beauty,Product_3,10,3788,37880,4337.55,Cash on Delivery
ORD0673,2023-07-19,South,Beauty,Product_15,8,4217,33736,12561.16,Debit Card
ORD0674,2023-03-10,West,Electronics,Product_50,9,4693,42237,4897.96,Debit Card
ORD0675,2023-12-08,North,Clothing,Product_17,8,1157,9256,1692.76,Debit Card
ORD0676,2023-09-06,North,Clothing,Product_12,8,2288,18304,6203.43,UPI
ORD0677,2023-02-27,North,Sports,Product_47,2,513,1026,171.36,UPI
ORD0678,2023-09-01,North,Beauty,Product_43,2,973,1946,505.67,UPI
ORD0679,2023-02-20,East,Electronics,Product_23,3,658,1974,364.37,Credit Card
ORD0680,2023-04-29,West,Beauty,Product_34,7,3770,26390,9691.76,Credit Card
ORD0681,2023-12-23,East,Electronics,Product_27,1,1104,1104,117.02,UPI
ORD0682,2023-12-05,North,Beauty,Product_44,2,695,1390,145.24,Cash on Delivery
ORD0683,2023-10-23,North,Beauty,Product_21,5,875,4375,1476.89,Credit Card
ORD0684,2023-10-13,North,Clothing,Product_48,2,4236,8472,1427.57,Debit Card
ORD0685,2023-06-20,North,Clothing,Product_11,7,4493,31451,8570.67,Cash on Delivery
ORD0686,2023-02-06,West,Clothing,Product_39,4,3066,12264,3706.58,Debit Card
ORD0687,2023-08-18,West,Beauty,Product_10,1,2986,2986,436.95,Cash on Delivery
ORD0688,2023-11-12,East,Sports,Product_48,6,915,5490,1733.75,Credit Card
ORD0689,2023-03-29,West,Beauty,Product_7,1,1423,1423,379.26,Cash on Delivery
ORD0690,2023-03-22,East,Clothing,Product_22,1,4540,4540,1341.43,Credit Card
ORD0691,2023-04-15,South,Home & Kitchen,Product_49,9,3536,31824,12012,Cash on Delivery
ORD0692,2023-06-02,North,Beauty,Product_28,3,2190,6570,924.73,UPI
ORD0693,2023-08-08,East,Clothing,Product_16,5,2715,13575,1405.87,Debit Card
ORD0694,2023-01-19,East,Beauty,Product_39,8,3734,29872,5290.1,Debit Card
ORD0695,2023-05-25,West,Home & Kitchen,Product_50,3,3496,10488,3873.98,Credit Card
ORD0696,2023-10-13,East,Home & Kitchen,Product_35,8,3812,30496,11683.77,Cash on Delivery
ORD0697,2023-03-23,East,Electronics,Product_50,1,3492,3492,1113.94,UPI
ORD0698,2023-12-17,East,Electronics,Product_32,9,1361,12249,2875.66,UPI
ORD0699,2023-04-03,South,Beauty,Product_37,4,4870,19480,3415.65,UPI
ORD0700,2023-06-07,West,Electronics,Product_43,10,1834,18340,4875.19,Cash on Delivery
ORD0701,2023-11-02,North,Sports,Product_38,2,3587,7174,1525.77,Cash on Delivery
ORD0702,2023-06-09,North,Beauty,Product_23,1,1743,1743,331.25,Debit Card
ORD0703,2023-03-22,South,Sports,Product_9,3,1966,5898,1305.67,Debit Card
ORD0704,2023-08-26,South,Home & Kitchen,Product_34,8,1331,10648,3646.38,UPI
ORD0705,2023-07-20,North,Home & Kitchen,Product_22,4,3751,15004,1599.45,UPI
ORD0706,2023-02-02,East,Electronics,Product_29,6,626,3756,379.29,Cash on Delivery
ORD0707,2023-05-26,North,Electronics,Product_21,4,2157,8628,1879.4,Cash on Delivery
ORD0708,2023-09-13,South,Clothing,Product_31,9,4492,40428,14217.99,Cash on Delivery
ORD0709,2023-05-10,South,Home & Kitchen,Product_11,2,1696,3392,1310.04,Credit Card
ORD0710,2023-03-16,North,Electronics,Product_45,10,4396,43960,6965.4,UPI
ORD0711,2023-11-22,North,Beauty,Product_38,3,3329,9987,1724.83,Credit Card
ORD0712,2023-09-24,East,Sports,Product_50,7,3108,21756,7916.52,Cash on Delivery
ORD0713,2023-10-12,East,Electronics,Product_21,10,1295,12950,3932.17,Credit Card
ORD0714,2023-11-15,North,Clothing,Product_37,7,4681,32767,6784.72,Credit Card
ORD0715,2023-10-10,North,Sports,Product_24,8,4915,39320,7752.74,Cash on Delivery
ORD0716,2023-04-27,South,Sports,Product_38,3,2666,7998,2754.21,Cash on Delivery
ORD0717,2023-09-03,East,Electronics,Product_41,4,2930,11720,2863.76,Credit Card
ORD0718,2023-03-21,South,Electronics,Product_9,5,4865,24325,3603.34,Credit Card
ORD0719,2023-03-13,West,Clothing,Product_1,8,4517,36136,7416.9,Cash on Delivery
ORD0720,2023-10-29,North,Beauty,Product_24,3,1542,4626,589.61,Credit Card
ORD0721,2023-03-09,West,Electronics,Product_34,6,3024,18144,3348.06,Cash on Delivery
ORD0722,2023-01-28,North,Electronics,Product_3,1,3909,3909,1395.03,Debit Card
ORD0723,2023-09-21,South,Home & Kitchen,Product_37,7,1626,11382,3240.71,UPI
ORD0724,2023-03-31,West,Clothing,Product_18,2,4638,9276,956.61,Cash on Delivery
ORD0725,2023-08-19,South,Sports,Product_5,7,569,3983,577.45,Cash on Delivery
ORD0726,2023-04-20,South,Beauty,Product_16,6,3791,22746,8659.33,UPI
ORD0727,2023-09-26,East,Home & Kitchen,Product_3,1,1763,1763,499.08,UPI
ORD0728,2023-10-22,West,Electronics,Product_24,6,4999,29994,4356.08,Cash on Delivery
ORD0729,2023-08-11,North,Sports,Product_18,5,937,4685,982.03,Credit Card
ORD0730,2023-07-18,West,Electronics,Product_6,7,4843,33901,12922.48,Debit Card
ORD0731,2023-09-03,South,Clothing,Product_42,8,1258,10064,3776.69,Cash on Delivery
ORD0732,2023-12-12,South,Clothing,Product_33,10,1393,13930,1880.25,Credit Card
ORD0733,2023-06-11,South,Beauty,Product_14,4,654,2616,465.4,Cash on Delivery
ORD0734,2023-02-17,South,Home & Kitchen,Product_50,9,1039,9351,1650.45,Credit Card
ORD0735,2023-01-24,South,Sports,Product_21,4,775,3100,321.64,Cash on Delivery
ORD0736,2023-08-08,West,Home & Kitchen,Product_3,9,1597,14373,2773.58,Credit Card
ORD0737,2023-01-04,North,Clothing,Product_33,9,3729,33561,7906.94,Cash on Delivery
ORD0738,2023-08-31,North,Clothing,Product_48,1,4319,4319,993.7,Credit Card
ORD0739,2023-10-17,North,Sports,Product_7,5,3239,16195,6327.06,Credit Card
ORD0740,2023-07-23,West,Clothing,Product_26,9,1628,14652,1542.25,UPI
ORD0741,2023-08-08,West,Electronics,Product_38,7,2156,15092,4768.99,Cash on Delivery
ORD0742,2023-07-14,North,Electronics,Product_50,1,3416,3416,730.98,Cash on Delivery
ORD0743,2023-02-26,West,Electronics,Product_15,6,4514,27084,7246.66,UPI
ORD0744,2023-12-25,North,Sports,Product_34,1,3320,3320,1264.65,Cash on Delivery
ORD0745,2023-02-07,East,Sports,Product_11,10,2246,22460,4575.18,Cash on Delivery
ORD0746,2023-06-02,West,Electronics,Product_33,2,4569,9138,1531.56,Cash on Delivery
ORD0747,2023-09-30,West,Home & Kitchen,Product_11,4,2301,9204,3584,UPI
ORD0748,2023-11-22,North,Beauty,Product_26,2,3172,6344,712.76,Debit Card
ORD0749,2023-01-03,West,Electronics,Product_15,7,4526,31682,5860.13,UPI
ORD0750,2023-05-07,South,Beauty,Product_45,8,4559,36472,14500.42,UPI
ORD0751,2023-07-11,East,Beauty,Product_11,6,3033,18198,5984.36,UPI
ORD0752,2023-04-30,East,Electronics,Product_14,4,2530,10120,3106.77,Cash on Delivery
ORD0753,2023-07-02,East,Electronics,Product_37,7,2834,19838,4993.05,Cash on Delivery
ORD0754,2023-08-29,North,Clothing,Product_9,4,2899,11596,2867.52,Cash on Delivery
ORD0755,2023-10-01,East,Clothing,Product_14,2,2552,5104,1873.02,Credit Card
ORD0756,2023-04-07,North,Electronics,Product_15,8,3713,29704,11512.57,UPI
ORD0757,2023-03-24,West,Sports,Product_24,10,4084,40840,4426.8,UPI
ORD0758,2023-11-01,South,Clothing,Product_39,7,3750,26250,6738.94,Cash on Delivery
ORD0759,2023-05-19,East,Electronics,Product_32,2,1536,3072,1131.85,Credit Card
ORD0760,2023-06-12,West,Electronics,Product_32,5,3747,18735,7397.07,Debit Card
ORD0761,2023-05-08,East,Beauty,Product_27,8,2442,19536,3364,Cash on Delivery
ORD0762,2023-02-11,West,Home & Kitchen,Product_26,1,4463,4463,1559.24,Credit Card
ORD0763,2023-07-17,West,Beauty,Product_41,1,4164,4164,1350.4,Cash on Delivery
ORD0764,2023-05-26,West,Electronics,Product_34,9,610,5490,1044.36,Debit Card
ORD0765,2023-09-15,East,Clothing,Product_47,5,1016,5080,798.76,Debit Card
ORD0766,2023-01-12,North,Home & Kitchen,Product_24,5,4903,24515,3111.7,Cash on Delivery
ORD0767,2023-06-25,South,Beauty,Product_13,1,2226,2226,630.24,Debit Card
ORD0768,2023-03-16,North,Sports,Product_11,5,4966,24830,9417.74,Debit Card
ORD0769,2023-10-24,North,Clothing,Product_47,3,1093,3279,1058.69,UPI
ORD0770,2023-05-24,North,Electronics,Product_33,9,908,8172,2909.54,Debit Card
ORD0771,2023-03-25,North,Clothing,Product_44,5,3002,15010,5785.69,Debit Card
ORD0772,2023-12-08,West,Clothing,Product_13,6,4972,29832,3953.8,UPI
ORD0773,2023-08-05,North,Sports,Product_13,1,3905,3905,1365.31,Debit Card
ORD0774,2023-12-08,West,Beauty,Product_28,3,3678,11034,4252.06,UPI
ORD0775,2023-05-31,East,Electronics,Product_47,10,4391,43910,15454.25,Cash on Delivery
ORD0776,2023-04-19,South,Home & Kitchen,Product_49,10,1261,12610,4095.46,UPI
ORD0777,2023-10-04,West,Beauty,Product_32,1,1666,1666,276.24,Debit Card
ORD0778,2023-04-27,East,Home & Kitchen,Product_39,7,4125,28875,4154.27,Credit Card
ORD0779,2023-11-23,South,Home & Kitchen,Product_49,5,2449,12245,3933.55,Cash on Delivery
ORD0780,2023-04-04,South,Home & Kitchen,Product_36,5,2916,14580,2434.64,Debit Card
ORD0781,2023-03-01,East,Electronics,Product_50,5,1306,6530,1203.85,Cash on Delivery
ORD0782,2023-01-13,North,Home & Kitchen,Product_2,2,3628,7256,793.52,Debit Card
ORD0783,2023-06-12,East,Beauty,Product_21,10,3527,35270,10674.23,Debit Card
ORD0784,2023-04-29,West,Clothing,Product_7,9,4776,42984,7967.78,Debit Card
ORD0785,2023-03-21,North,Home & Kitchen,Product_29,10,1846,18460,6324.24,Debit Card
ORD0786,2023-02-01,South,Home & Kitchen,Product_30,1,1899,1899,473.01,Credit Card
ORD0787,2023-08-23,South,Beauty,Product_14,1,4541,4541,565.72,Cash on Delivery
ORD0788,2023-06-28,West,Clothing,Product_15,8,668,5344,713.58,Debit Card
ORD0789,2023-06-14,West,Beauty,Product_33,8,3089,24712,3112.64,Credit Card
ORD0790,2023-06-09,West,Clothing,Product_44,10,555,5550,1053.74,Debit Card
ORD0791,2023-05-26,East,Electronics,Product_35,7,2482,17374,3799.62,Credit Card
ORD0792,2023-12-29,South,Sports,Product_44,6,1244,7464,1664.64,Credit Card
ORD0793,2023-11-27,East,Sports,Product_49,3,2281,6843,815.68,UPI
ORD0794,2023-12-23,West,Beauty,Product_38,8,3959,31672,7991.22,UPI
ORD0795,2023-07-02,East,Electronics,Product_3,3,2521,7563,1171.89,UPI
ORD0796,2023-05-05,East,Clothing,Product_39,1,1822,1822,701.93,UPI
ORD0797,2023-03-25,West,Sports,Product_36,9,1340,12060,3748.76,UPI
ORD0798,2023-09-10,South,Home & Kitchen,Product_1,6,2943,17658,1778.26,Cash on Delivery
ORD0799,2023-02-09,North,Clothing,Product_19,2,1895,3790,1278.34,Cash on Delivery
ORD0800,2023-04-24,South,Sports,Product_42,4,3656,14624,2406.26,Credit Card
ORD0801,2023-03-25,East,Beauty,Product_30,9,1861,16749,2280.2,UPI
ORD0802,2023-11-13,North,Beauty,Product_39,2,2548,5096,1342.91,Credit Card
ORD0803,2023-07-10,West,Clothing,Product_46,7,4599,32193,8441.72,Debit Card
ORD0804,2023-02-24,North,Home & Kitchen,Product_26,2,1096,2192,401.21,Debit Card
ORD0805,2023-08-04,South,Clothing,Product_41,5,1784,8920,2818.28,UPI
ORD0806,2023-08-12,North,Clothing,Product_1,5,791,3955,817.79,Debit Card
ORD0807,2023-09-14,South,Sports,Product_27,3,4873,14619,4502.05,UPI
ORD0808,2023-12-19,South,Home & Kitchen,Product_24,7,3502,24514,4744.08,UPI
ORD0809,2023-03-23,North,Electronics,Product_35,8,2365,18920,5261,UPI
ORD0810,2023-08-31,North,Sports,Product_10,3,1644,4932,1353.51,Credit Card
ORD0811,2023-05-15,West,Home & Kitchen,Product_33,7,823,5761,1731,Debit Card
ORD0812,2023-03-23,East,Sports,Product_30,7,4386,30702,7578.29,UPI
ORD0813,2023-01-04,South,Clothing,Product_2,10,1526,15260,4007.15,Credit Card
ORD0814,2023-02-06,North,Clothing,Product_11,3,1038,3114,577.96,Debit Card
ORD0815,2023-08-15,North,Home & Kitchen,Product_40,3,1472,4416,1017.07,UPI
ORD0816,2023-12-06,South,Clothing,Product_8,2,1528,3056,524.8,Cash on Delivery
ORD0817,2023-09-21,East,Home & Kitchen,Product_25,5,2538,12690,4140.06,Cash on Delivery
ORD0818,2023-05-15,East,Beauty,Product_50,5,4517,22585,6259.6,Cash on Delivery
ORD0819,2023-01-21,South,Home & Kitchen,Product_7,9,518,4662,1119.88,Debit Card
ORD0820,2023-05-14,North,Beauty,Product_41,9,3869,34821,11192.28,Cash on Delivery
ORD0821,2023-01-19,South,Sports,Product_37,10,2921,29210,10674.65,Credit Card
ORD0822,2023-11-26,West,Sports,Product_6,5,3593,17965,2429.03,UPI
ORD0823,2023-02-06,South,Beauty,Product_18,10,1518,15180,3741.33,UPI
ORD0824,2023-12-09,North,Sports,Product_45,8,1968,15744,4379.66,Debit Card
ORD0825,2023-05-21,East,Electronics,Product_16,1,3916,3916,1269.04,Debit Card
ORD0826,2023-03-29,East,Clothing,Product_22,8,4785,38280,4666.71,Debit Card
ORD0827,2023-05-30,South,Home & Kitchen,Product_39,7,545,3815,511.7,UPI
ORD0828,2023-09-13,North,Electronics,Product_46,3,4739,14217,2848.06,Credit Card
ORD0829,2023-11-27,West,Sports,Product_19,10,3416,34160,4465.38,Cash on Delivery
ORD0830,2023-07-25,East,Electronics,Product_37,6,4939,29634,4767.76,Cash on Delivery
ORD0831,2023-07-21,South,Electronics,Product_18,6,3163,18978,5712.6,Debit Card
ORD0832,2023-02-04,East,Sports,Product_10,3,4794,14382,4583.08,Credit Card
ORD0833,2023-09-13,North,Home & Kitchen,Product_3,1,3249,3249,828.96,UPI
ORD0834,2023-10-20,South,Home & Kitchen,Product_2,2,798,1596,466.15,Credit Card
ORD0835,2023-12-16,South,Sports,Product_40,2,3561,7122,2427.06,Cash on Delivery
ORD0836,2023-06-04,North,Home & Kitchen,Product_38,5,4426,22130,6327.9,UPI
ORD0837,2023-03-12,North,Sports,Product_50,1,2128,2128,303.98,UPI
ORD0838,2023-01-18,South,Beauty,Product_8,2,4820,9640,2968.76,Cash on Delivery
ORD0839,2023-03-15,North,Beauty,Product_7,7,1413,9891,2548.65,UPI
ORD0840,2023-05-18,East,Sports,Product_14,7,1669,11683,1767.16,Credit Card
ORD0841,2023-09-06,North,Home & Kitchen,Product_46,9,2557,23013,6509.31,Credit Card
ORD0842,2023-10-01,South,Beauty,Product_24,8,3096,24768,9465.26,Debit Card
ORD0843,2024-01-01,West,Beauty,Product_29,10,4454,44540,14250.82,Credit Card
ORD0844,2023-08-13,North,Clothing,Product_19,3,4026,12078,2266.27,UPI
ORD0845,2023-08-07,West,Electronics,Product_36,6,710,4260,1525.63,Cash on Delivery
ORD0846,2023-09-06,East,Sports,Product_23,10,801,8010,3013.82,Debit Card
ORD0847,2023-11-09,West,Sports,Product_22,5,676,3380,675.15,UPI
ORD0848,2023-06-19,North,Home & Kitchen,Product_8,6,892,5352,1961.21,Credit Card
ORD0849,2023-02-15,East,Home & Kitchen,Product_21,1,2440,2440,733.02,Credit Card
ORD0850,2023-01-09,North,Beauty,Product_24,4,1840,7360,1912.06,Debit Card
ORD0851,2023-04-04,East,Electronics,Product_38,8,4152,33216,8014.2,Credit Card
ORD0852,2023-11-25,North,Home & Kitchen,Product_18,4,1289,5156,663.41,Credit Card
ORD0853,2023-01-12,West,Clothing,Product_35,5,4008,20040,5236.34,UPI
ORD0854,2023-07-02,East,Electronics,Product_46,2,2026,4052,847.04,Credit Card
ORD0855,2023-10-19,North,Beauty,Product_1,3,3247,9741,2391.15,Cash on Delivery
ORD0856,2023-06-07,North,Home & Kitchen,Product_2,10,4957,49570,15571.46,Debit Card
ORD0857,2023-11-25,South,Clothing,Product_16,9,4662,41958,10028.64,Credit Card
ORD0858,2023-12-15,West,Sports,Product_46,3,2054,6162,714.48,Credit Card
ORD0859,2023-11-02,East,Beauty,Product_50,2,1433,2866,728.2,Cash on Delivery
ORD0860,2023-12-01,East,Clothing,Product_37,3,2315,6945,1907.6,Cash on Delivery
ORD0861,2023-10-26,West,Sports,Product_18,10,3364,33640,12545.8,Credit Card
ORD0862,2023-07-03,North,Home & Kitchen,Product_34,2,3954,7908,1699.99,UPI
ORD0863,2023-08-10,West,Clothing,Product_43,10,1710,17100,2561.34,Credit Card
ORD0864,2023-01-26,South,Sports,Product_18,9,4263,38367,11135.67,UPI
ORD0865,2023-05-21,West,Sports,Product_11,3,2425,7275,1765.21,Credit Card
ORD0866,2023-09-10,North,Home & Kitchen,Product_5,3,1592,4776,1832.02,Cash on Delivery
ORD0867,2023-02-09,South,Sports,Product_42,3,2438,7314,2197.1,Credit Card
ORD0868,2023-07-24,South,Electronics,Product_27,6,2718,16308,2257.87,Credit Card
ORD0869,2023-07-23,South,Clothing,Product_6,1,4562,4562,1549.04,Cash on Delivery
ORD0870,2023-10-06,South,Electronics,Product_34,6,4679,28074,3140.22,UPI
ORD0871,2023-07-10,North,Sports,Product_35,4,3426,13704,1753.18,UPI
ORD0872,2024-01-01,North,Home & Kitchen,Product_5,6,1832,10992,1649.74,Debit Card
ORD0873,2023-10-28,North,Home & Kitchen,Product_41,2,3755,7510,2337.99,UPI
ORD0874,2023-12-31,East,Electronics,Product_25,7,4622,32354,11122.31,Debit Card
ORD0875,2023-09-24,North,Electronics,Product_21,5,4406,22030,4853.46,Cash on Delivery
ORD0876,2023-09-08,West,Sports,Product_13,8,560,4480,1372.11,UPI
ORD0877,2023-05-03,North,Electronics,Product_36,2,1187,2374,732.67,Credit Card
ORD0878,2023-07-28,West,Electronics,Product_46,2,3400,6800,2045.84,UPI
ORD0879,2023-08-15,East,Home & Kitchen,Product_20,6,4871,29226,6670.1,UPI
ORD0880,2023-03-08,South,Clothing,Product_3,5,3701,18505,2196.84,Debit Card
ORD0881,2023-01-30,East,Clothing,Product_12,1,575,575,228.27,Credit Card
ORD0882,2023-01-17,East,Beauty,Product_14,9,1516,13644,2927.79,UPI
ORD0883,2023-01-08,West,Beauty,Product_22,8,2824,22592,6709.97,Cash on Delivery
ORD0884,2023-04-27,South,Clothing,Product_20,5,4069,20345,2380.17,Credit Card
ORD0885,2023-06-06,West,Beauty,Product_2,10,2019,20190,5821.49,Cash on Delivery
ORD0886,2023-02-13,North,Electronics,Product_33,3,3703,11109,1560.4,Cash on Delivery
ORD0887,2023-08-16,South,Electronics,Product_39,3,1705,5115,1640.28,UPI
ORD0888,2023-03-19,South,Clothing,Product_39,5,1257,6285,1885.96,Debit Card
ORD0889,2023-06-25,East,Home & Kitchen,Product_31,6,3055,18330,5709.11,UPI
ORD0890,2023-05-19,West,Electronics,Product_11,8,4579,36632,11551.29,UPI
ORD0891,2023-05-12,South,Clothing,Product_31,10,1148,11480,3961.83,Debit Card
ORD0892,2023-04-17,North,Beauty,Product_34,1,2688,2688,406.33,Cash on Delivery
ORD0893,2023-12-20,North,Electronics,Product_11,4,4874,19496,2769.84,Credit Card
ORD0894,2023-07-17,East,Electronics,Product_13,7,4915,34405,6161.39,Cash on Delivery
ORD0895,2023-05-14,North,Beauty,Product_41,6,4375,26250,5635.08,Credit Card
ORD0896,2023-08-11,North,Clothing,Product_38,3,1650,4950,1746.71,Credit Card
ORD0897,2023-12-30,North,Clothing,Product_6,10,630,6300,1657.12,Credit Card
ORD0898,2023-04-16,East,Electronics,Product_31,6,1185,7110,1048.97,Credit Card
ORD0899,2023-07-22,East,Beauty,Product_37,9,1684,15156,4303.86,Cash on Delivery
ORD0900,2023-01-31,South,Home & Kitchen,Product_39,1,3783,3783,835.35,Credit Card
ORD0901,2023-10-20,East,Beauty,Product_45,5,1889,9445,1445.25,Cash on Delivery
ORD0902,2023-07-28,North,Sports,Product_35,8,782,6256,1175.55,Debit Card
ORD0903,2023-01-27,East,Home & Kitchen,Product_25,4,3515,14060,4592.82,Credit Card
ORD0904,2023-07-22,South,Beauty,Product_47,1,3508,3508,1236.74,Debit Card
ORD0905,2023-10-01,South,Electronics,Product_14,10,2480,24800,6533.64,UPI
ORD0906,2023-07-31,East,Beauty,Product_31,6,4804,28824,3534.55,Debit Card
ORD0907,2023-09-20,North,Home & Kitchen,Product_19,2,3576,7152,1951.65,Credit Card
ORD0908,2023-04-10,North,Home & Kitchen,Product_44,9,3651,32859,4558.72,Cash on Delivery
ORD0909,2023-08-20,West,Home & Kitchen,Product_25,1,2878,2878,733.25,Cash on Delivery
ORD0910,2023-08-08,North,Sports,Product_9,2,4368,8736,1391.65,UPI
ORD0911,2023-04-02,East,Sports,Product_44,10,1167,11670,4339.81,Credit Card
ORD0912,2023-07-19,South,Beauty,Product_33,3,4002,12006,3136.28,Debit Card
ORD0913,2023-04-06,East,Sports,Product_47,6,3418,20508,4923.7,Credit Card
ORD0914,2023-07-16,West,Electronics,Product_18,3,3161,9483,1430.06,Cash on Delivery
ORD0915,2023-12-25,North,Electronics,Product_38,8,3277,26216,6678.47,Cash on Delivery
ORD0916,2023-12-23,East,Electronics,Product_19,8,568,4544,1562.34,UPI
ORD0917,2024-01-01,West,Clothing,Product_5,5,3803,19015,4940.12,Credit Card
ORD0918,2023-10-15,North,Electronics,Product_2,8,3950,31600,3658.67,Credit Card
ORD0919,2023-10-25,South,Home & Kitchen,Product_23,9,1339,12051,2718.74,UPI
ORD0920,2023-03-08,South,Clothing,Product_33,9,3823,34407,13674.28,Debit Card
ORD0921,2023-09-25,North,Sports,Product_21,4,3590,14360,5448.05,UPI
ORD0922,2023-06-15,South,Beauty,Product_18,9,1194,10746,1397.54,Cash on Delivery
ORD0923,2023-12-10,North,Beauty,Product_9,4,1661,6644,2482.24,Debit Card
ORD0924,2023-06-23,South,Beauty,Product_5,6,4224,25344,6331.93,Debit Card
ORD0925,2023-11-15,West,Home & Kitchen,Product_34,3,3653,10959,1793.72,Credit Card
ORD0926,2023-05-19,North,Clothing,Product_9,10,2895,28950,6466.69,Credit Card
ORD0927,2023-09-18,North,Clothing,Product_5,3,1926,5778,845.37,UPI
ORD0928,2023-07-02,West,Clothing,Product_48,10,2651,26510,9352.39,UPI
ORD0929,2023-07-28,North,Sports,Product_11,2,1117,2234,279.54,Debit Card
ORD0930,2023-03-29,South,Beauty,Product_24,2,4930,9860,1956.17,Debit Card
ORD0931,2023-05-11,East,Sports,Product_39,4,4494,17976,4768.24,UPI
ORD0932,2023-09-23,South,Home & Kitchen,Product_48,3,1144,3432,1117.57,Debit Card
ORD0933,2023-12-07,South,Sports,Product_12,2,3348,6696,1650.5,UPI
ORD0934,2023-06-25,East,Electronics,Product_26,7,3750,26250,10012.74,UPI
ORD0935,2023-01-19,North,Electronics,Product_4,9,3803,34227,12500.49,Credit Card
ORD0936,2023-11-11,North,Beauty,Product_20,6,3554,21324,6630.26,Cash on Delivery
ORD0937,2023-08-14,South,Beauty,Product_43,4,3161,12644,1668.16,Debit Card
ORD0938,2023-04-10,East,Electronics,Product_43,2,1682,3364,1224.39,Debit Card
ORD0939,2023-06-26,East,Electronics,Product_17,1,685,685,111.03,Debit Card
ORD0940,2023-11-15,South,Sports,Product_12,2,2645,5290,1230.7,Credit Card
ORD0941,2023-07-06,East,Beauty,Product_46,2,2728,5456,1909.73,Cash on Delivery
ORD0942,2023-04-29,East,Clothing,Product_6,1,4045,4045,702.43,Debit Card
ORD0943,2023-06-22,North,Electronics,Product_49,8,1226,9808,1847.66,Credit Card
ORD0944,2023-04-30,South,Sports,Product_34,10,4192,41920,6064.17,Cash on Delivery
ORD0945,2023-01-10,East,Sports,Product_33,9,4818,43362,11379.42,UPI
ORD0946,2023-04-12,South,Beauty,Product_11,5,3611,18055,6836.93,Debit Card
ORD0947,2023-10-28,West,Beauty,Product_45,10,1063,10630,3714.39,Credit Card
ORD0948,2023-06-02,West,Electronics,Product_38,8,1368,10944,3991.82,Debit Card
ORD0949,2023-08-26,West,Beauty,Product_10,8,1961,15688,1765.9,UPI
ORD0950,2023-02-23,South,Beauty,Product_31,4,1006,4024,1457.52,Cash on Delivery
ORD0951,2023-10-20,East,Electronics,Product_43,5,543,2715,519.98,Cash on Delivery
ORD0952,2023-04-12,South,Sports,Product_38,8,863,6904,1295.85,Credit Card
ORD0953,2023-04-11,North,Clothing,Product_39,3,4282,12846,4722.32,UPI
ORD0954,2023-10-21,East,Beauty,Product_8,9,4379,39411,5173.97,Credit Card
ORD0955,2023-10-19,East,Sports,Product_38,10,4977,49770,11148.47,Credit Card
ORD0956,2023-11-26,West,Home & Kitchen,Product_28,3,3916,11748,3870.82,Debit Card
ORD0957,2023-06-20,West,Home & Kitchen,Product_14,7,2906,20342,7060.83,Cash on Delivery
ORD0958,2023-07-31,East,Beauty,Product_21,8,1502,12016,3534.56,Cash on Delivery
ORD0959,2023-03-04,East,Sports,Product_18,5,781,3905,691.82,UPI
ORD0960,2023-04-26,West,Home & Kitchen,Product_38,1,934,934,257.82,Debit Card
ORD0961,2023-02-15,West,Clothing,Product_25,2,1292,2584,709.22,Credit Card
ORD0962,2023-08-03,North,Beauty,Product_35,2,2043,4086,421.93,Credit Card
ORD0963,2023-02-02,East,Clothing,Product_21,6,4742,28452,7309.65,UPI
ORD0964,2023-04-17,South,Beauty,Product_12,2,2469,4938,628.88,Debit Card
ORD0965,2023-05-02,East,Electronics,Product_18,9,2086,18774,2182,Credit Card
ORD0966,2023-01-31,East,Electronics,Product_36,8,2814,22512,2394.37,Credit Card
ORD0967,2023-03-11,East,Beauty,Product_10,5,2410,12050,1798.01,Debit Card
ORD0968,2023-04-02,West,Beauty,Product_15,4,2387,9548,1647.95,UPI
ORD0969,2023-10-09,East,Home & Kitchen,Product_46,1,3638,3638,1178.04,UPI
ORD0970,2023-05-12,East,Electronics,Product_44,10,2932,29320,7570.25,Credit Card
ORD0971,2023-06-27,East,Clothing,Product_17,7,3692,25844,9553.68,Credit Card
ORD0972,2023-08-25,North,Home & Kitchen,Product_22,10,1602,16020,3570.08,Debit Card
ORD0973,2023-12-01,North,Sports,Product_30,3,4836,14508,5297.24,Debit Card
ORD0974,2023-03-04,South,Home & Kitchen,Product_18,6,2265,13590,4777.58,Cash on Delivery
ORD0975,2023-10-12,West,Sports,Product_34,7,1035,7245,930,Cash on Delivery
ORD0976,2023-07-24,South,Clothing,Product_22,6,2411,14466,3665.2,Debit Card
ORD0977,2023-02-13,West,Sports,Product_29,8,2012,16096,3622.42,Cash on Delivery
ORD0978,2023-04-23,East,Clothing,Product_4,10,2802,28020,3482.32,Debit Card
ORD0979,2023-05-12,South,Electronics,Product_46,1,1789,1789,452.44,Credit Card
ORD0980,2023-04-21,West,Beauty,Product_17,9,3288,29592,9189.88,Debit Card
ORD0981,2023-03-04,East,Clothing,Product_30,7,2205,15435,5723.2,Credit Card
ORD0982,2023-05-30,East,Home & Kitchen,Product_34,1,2231,2231,721.99,Debit Card
ORD0983,2023-01-07,West,Home & Kitchen,Product_9,5,1597,7985,2575.42,Cash on Delivery
ORD0984,2023-02-20,North,Beauty,Product_23,10,2855,28550,11254.27,Credit Card
ORD0985,2023-10-13,West,Electronics,Product_43,3,1015,3045,887,Credit Card
ORD0986,2023-02-18,East,Beauty,Product_45,2,2756,5512,1704.42,Debit Card
ORD0987,2023-01-16,South,Home & Kitchen,Product_21,10,2973,29730,9554.62,Debit Card
ORD0988,2023-11-15,North,Sports,Product_30,4,1858,7432,1305.22,Credit Card
ORD0989,2023-03-13,East,Clothing,Product_18,2,1342,2684,621.62,Debit Card
ORD0990,2023-11-21,West,Clothing,Product_24,8,2357,18856,2436.62,Debit Card
ORD0991,2023-11-11,North,Home & Kitchen,Product_30,6,3288,19728,7195.83,Credit Card
ORD0992,2023-05-16,East,Beauty,Product_4,3,1130,3390,647.12,Debit Card
ORD0993,2023-08-23,South,Beauty,Product_30,2,1404,2808,633.39,UPI
ORD0994,2023-09-24,North,Sports,Product_15,6,4708,28248,7464.84,Credit Card
ORD0995,2023-04-15,West,Clothing,Product_49,10,4289,42890,8182.68,Debit Card
ORD0996,2023-04-02,North,Beauty,Product_15,9,3217,28953,7099.96,UPI
ORD0997,2023-11-02,North,Beauty,Product_28,5,1203,6015,1717.66,UPI
ORD0998,2023-09-03,South,Clothing,Product_19,1,2928,2928,868.98,Cash on Delivery
ORD0999,2023-02-23,South,Home & Kitchen,Product_7,9,3408,30672,4374.03,Debit Card
ORD1000,2023-06-11,North,Clothing,Product_13,10,1027,10270,1734.51,Cash on Delivery
